year,month,dow,sex,count
1994,Jan,Sun,F,19980
1994,Jan,Sun,M,20268
1994,Jan,Mon,F,26015
1994,Jan,Mon,M,27132
1994,Jan,Tue,F,22615
1994,Jan,Tue,M,23903
1994,Jan,Wed,F,22248
1994,Jan,Wed,M,23194
1994,Jan,Thu,F,22375
1994,Jan,Thu,M,23670
1994,Jan,Fri,F,22626
1994,Jan,Fri,M,23708
1994,Jan,Sat,F,21156
1994,Jan,Sat,M,22107
1994,Feb,Sun,F,16103
1994,Feb,Sun,M,17011
1994,Feb,Mon,F,21720
1994,Feb,Mon,M,22575
1994,Feb,Tue,F,23263
1994,Feb,Tue,M,24664
1994,Feb,Wed,F,22797
1994,Feb,Wed,M,24023
1994,Feb,Thu,F,22870
1994,Feb,Thu,M,23660
1994,Feb,Fri,F,23148
1994,Feb,Fri,M,23886
1994,Feb,Sat,F,17552
1994,Feb,Sat,M,18356
1994,Mar,Sun,F,16225
1994,Mar,Sun,M,16874
1994,Mar,Mon,F,21607
1994,Mar,Mon,M,22722
1994,Mar,Tue,F,29485
1994,Mar,Tue,M,31394
1994,Mar,Wed,F,28558
1994,Mar,Wed,M,30064
1994,Mar,Thu,F,29056
1994,Mar,Thu,M,30433
1994,Mar,Fri,F,23103
1994,Mar,Fri,M,24318
1994,Mar,Sat,F,17763
1994,Mar,Sat,M,18476
1994,Apr,Sun,F,15552
1994,Apr,Sun,M,16152
1994,Apr,Mon,F,21463
1994,Apr,Mon,M,22549
1994,Apr,Tue,F,23528
1994,Apr,Tue,M,24746
1994,Apr,Wed,F,22606
1994,Apr,Wed,M,23973
1994,Apr,Thu,F,22744
1994,Apr,Thu,M,23757
1994,Apr,Fri,F,27761
1994,Apr,Fri,M,29237
1994,Apr,Sat,F,21281
1994,Apr,Sat,M,22364
1994,May,Sun,F,20118
1994,May,Sun,M,21178
1994,May,Mon,F,25990
1994,May,Mon,M,27143
1994,May,Tue,F,29112
1994,May,Tue,M,31126
1994,May,Wed,F,22717
1994,May,Wed,M,24022
1994,May,Thu,F,22854
1994,May,Thu,M,24365
1994,May,Fri,F,22731
1994,May,Fri,M,24069
1994,May,Sat,F,17157
1994,May,Sat,M,18018
1994,Jun,Sun,F,16140
1994,Jun,Sun,M,16966
1994,Jun,Mon,F,21841
1994,Jun,Mon,M,22663
1994,Jun,Tue,F,23560
1994,Jun,Tue,M,25111
1994,Jun,Wed,F,29515
1994,Jun,Wed,M,31093
1994,Jun,Thu,F,29000
1994,Jun,Thu,M,30816
1994,Jun,Fri,F,23143
1994,Jun,Fri,M,24436
1994,Jun,Sat,F,17377
1994,Jun,Sat,M,18425
1994,Jul,Sun,F,20859
1994,Jul,Sun,M,22355
1994,Jul,Mon,F,21171
1994,Jul,Mon,M,22324
1994,Jul,Tue,F,24161
1994,Jul,Tue,M,25164
1994,Jul,Wed,F,24447
1994,Jul,Wed,M,25612
1994,Jul,Thu,F,24832
1994,Jul,Thu,M,25749
1994,Jul,Fri,F,30423
1994,Jul,Fri,M,32133
1994,Jul,Sat,F,22753
1994,Jul,Sat,M,24242
1994,Aug,Sun,F,17059
1994,Aug,Sun,M,17865
1994,Aug,Mon,F,28177
1994,Aug,Mon,M,29288
1994,Aug,Tue,F,30549
1994,Aug,Tue,M,32121
1994,Aug,Wed,F,30285
1994,Aug,Wed,M,31244
1994,Aug,Thu,F,23922
1994,Aug,Thu,M,25266
1994,Aug,Fri,F,23869
1994,Aug,Fri,M,25265
1994,Aug,Sat,F,18522
1994,Aug,Sat,M,19148
1994,Sep,Sun,F,16857
1994,Sep,Sun,M,17334
1994,Sep,Mon,F,21083
1994,Sep,Mon,M,22096
1994,Sep,Tue,F,23994
1994,Sep,Tue,M,25247
1994,Sep,Wed,F,24565
1994,Sep,Wed,M,25588
1994,Sep,Thu,F,30622
1994,Sep,Thu,M,31863
1994,Sep,Fri,F,30550
1994,Sep,Fri,M,31941
1994,Sep,Sat,F,18349
1994,Sep,Sat,M,19531
1994,Oct,Sun,F,20062
1994,Oct,Sun,M,20700
1994,Oct,Mon,F,26857
1994,Oct,Mon,M,27777
1994,Oct,Tue,F,24034
1994,Oct,Tue,M,24536
1994,Oct,Wed,F,22944
1994,Oct,Wed,M,24219
1994,Oct,Thu,F,22948
1994,Oct,Thu,M,23816
1994,Oct,Fri,F,22982
1994,Oct,Fri,M,24247
1994,Oct,Sat,F,22358
1994,Oct,Sat,M,23061
1994,Nov,Sun,F,15835
1994,Nov,Sun,M,16474
1994,Nov,Mon,F,22146
1994,Nov,Mon,M,23051
1994,Nov,Tue,F,29701
1994,Nov,Tue,M,31603
1994,Nov,Wed,F,28619
1994,Nov,Wed,M,29603
1994,Nov,Thu,F,21131
1994,Nov,Thu,M,22083
1994,Nov,Fri,F,21998
1994,Nov,Fri,M,22782
1994,Nov,Sat,F,17084
1994,Nov,Sat,M,17656
1994,Dec,Sun,F,15263
1994,Dec,Sun,M,16007
1994,Dec,Mon,F,20596
1994,Dec,Mon,M,21281
1994,Dec,Tue,F,23332
1994,Dec,Tue,M,24537
1994,Dec,Wed,F,23277
1994,Dec,Wed,M,24611
1994,Dec,Thu,F,28930
1994,Dec,Thu,M,29818
1994,Dec,Fri,F,27834
1994,Dec,Fri,M,29082
1994,Dec,Sat,F,20799
1994,Dec,Sat,M,21724
1995,Jan,Sun,F,19340
1995,Jan,Sun,M,20311
1995,Jan,Mon,F,24449
1995,Jan,Mon,M,25476
1995,Jan,Tue,F,27182
1995,Jan,Tue,M,28580
1995,Jan,Wed,F,22101
1995,Jan,Wed,M,22886
1995,Jan,Thu,F,22155
1995,Jan,Thu,M,23246
1995,Jan,Fri,F,22107
1995,Jan,Fri,M,23324
1995,Jan,Sat,F,17204
1995,Jan,Sat,M,17926
1995,Feb,Sun,F,15804
1995,Feb,Sun,M,16467
1995,Feb,Mon,F,20533
1995,Feb,Mon,M,21393
1995,Feb,Tue,F,23171
1995,Feb,Tue,M,24084
1995,Feb,Wed,F,22355
1995,Feb,Wed,M,23725
1995,Feb,Thu,F,22698
1995,Feb,Thu,M,23545
1995,Feb,Fri,F,22597
1995,Feb,Fri,M,23619
1995,Feb,Sat,F,17327
1995,Feb,Sat,M,18046
1995,Mar,Sun,F,15340
1995,Mar,Sun,M,15931
1995,Mar,Mon,F,20711
1995,Mar,Mon,M,21871
1995,Mar,Tue,F,22981
1995,Mar,Tue,M,24326
1995,Mar,Wed,F,28130
1995,Mar,Wed,M,29425
1995,Mar,Thu,F,27700
1995,Mar,Thu,M,29500
1995,Mar,Fri,F,28372
1995,Mar,Fri,M,29742
1995,Mar,Sat,F,16862
1995,Mar,Sat,M,17883
1995,Apr,Sun,F,18923
1995,Apr,Sun,M,19528
1995,Apr,Mon,F,21288
1995,Apr,Mon,M,21976
1995,Apr,Tue,F,23181
1995,Apr,Tue,M,24224
1995,Apr,Wed,F,22562
1995,Apr,Wed,M,23927
1995,Apr,Thu,F,22374
1995,Apr,Thu,M,23601
1995,Apr,Fri,F,21862
1995,Apr,Fri,M,23344
1995,Apr,Sat,F,20724
1995,Apr,Sat,M,21847
1995,May,Sun,F,15717
1995,May,Sun,M,16701
1995,May,Mon,F,25762
1995,May,Mon,M,26943
1995,May,Tue,F,28975
1995,May,Tue,M,30827
1995,May,Wed,F,28995
1995,May,Wed,M,30950
1995,May,Thu,F,23345
1995,May,Thu,M,24379
1995,May,Fri,F,22859
1995,May,Fri,M,24457
1995,May,Sat,F,16948
1995,May,Sat,M,17978
1995,Jun,Sun,F,15995
1995,Jun,Sun,M,16731
1995,Jun,Mon,F,21731
1995,Jun,Mon,M,22971
1995,Jun,Tue,F,23537
1995,Jun,Tue,M,25158
1995,Jun,Wed,F,23381
1995,Jun,Wed,M,24592
1995,Jun,Thu,F,29395
1995,Jun,Thu,M,31061
1995,Jun,Fri,F,29113
1995,Jun,Fri,M,30714
1995,Jun,Sat,F,17375
1995,Jun,Sat,M,18330
1995,Jul,Sun,F,20764
1995,Jul,Sun,M,21420
1995,Jul,Mon,F,27518
1995,Jul,Mon,M,29028
1995,Jul,Tue,F,22920
1995,Jul,Tue,M,24136
1995,Jul,Wed,F,23475
1995,Jul,Wed,M,24568
1995,Jul,Thu,F,24579
1995,Jul,Thu,M,25483
1995,Jul,Fri,F,24858
1995,Jul,Fri,M,25667
1995,Jul,Sat,F,22700
1995,Jul,Sat,M,24064
1995,Aug,Sun,F,16390
1995,Aug,Sun,M,17342
1995,Aug,Mon,F,22255
1995,Aug,Mon,M,23221
1995,Aug,Tue,F,30658
1995,Aug,Tue,M,32161
1995,Aug,Wed,F,29911
1995,Aug,Wed,M,31568
1995,Aug,Thu,F,30062
1995,Aug,Thu,M,31633
1995,Aug,Fri,F,24072
1995,Aug,Fri,M,24876
1995,Aug,Sat,F,17810
1995,Aug,Sat,M,19063
1995,Sep,Sun,F,16896
1995,Sep,Sun,M,17564
1995,Sep,Mon,F,21145
1995,Sep,Mon,M,22095
1995,Sep,Tue,F,24536
1995,Sep,Tue,M,25279
1995,Sep,Wed,F,24611
1995,Sep,Wed,M,25736
1995,Sep,Thu,F,24923
1995,Sep,Thu,M,26337
1995,Sep,Fri,F,30860
1995,Sep,Fri,M,32723
1995,Sep,Sat,F,22690
1995,Sep,Sat,M,24012
1995,Oct,Sun,F,19681
1995,Oct,Sun,M,20596
1995,Oct,Mon,F,26773
1995,Oct,Mon,M,27905
1995,Oct,Tue,F,29119
1995,Oct,Tue,M,30224
1995,Oct,Wed,F,23102
1995,Oct,Wed,M,24058
1995,Oct,Thu,F,23075
1995,Oct,Thu,M,24210
1995,Oct,Fri,F,22705
1995,Oct,Fri,M,23559
1995,Oct,Sat,F,17553
1995,Oct,Sat,M,17751
1995,Nov,Sun,F,15157
1995,Nov,Sun,M,15903
1995,Nov,Mon,F,21398
1995,Nov,Mon,M,22444
1995,Nov,Tue,F,23403
1995,Nov,Tue,M,24638
1995,Nov,Wed,F,28201
1995,Nov,Wed,M,29551
1995,Nov,Thu,F,26220
1995,Nov,Thu,M,27430
1995,Nov,Fri,F,21139
1995,Nov,Fri,M,22047
1995,Nov,Sat,F,16431
1995,Nov,Sat,M,17168
1995,Dec,Sun,F,18403
1995,Dec,Sun,M,19282
1995,Dec,Mon,F,19124
1995,Dec,Mon,M,19855
1995,Dec,Tue,F,22318
1995,Dec,Tue,M,23142
1995,Dec,Wed,F,22646
1995,Dec,Wed,M,23712
1995,Dec,Thu,F,23003
1995,Dec,Thu,M,24148
1995,Dec,Fri,F,28017
1995,Dec,Fri,M,29274
1995,Dec,Sat,F,20609
1995,Dec,Sat,M,21723
1996,Jan,Sun,F,15037
1996,Jan,Sun,M,15644
1996,Jan,Mon,F,23752
1996,Jan,Mon,M,24899
1996,Jan,Tue,F,26480
1996,Jan,Tue,M,27995
1996,Jan,Wed,F,27029
1996,Jan,Wed,M,28486
1996,Jan,Thu,F,22358
1996,Jan,Thu,M,23272
1996,Jan,Fri,F,22193
1996,Jan,Fri,M,23237
1996,Jan,Sat,F,16715
1996,Jan,Sat,M,17474
1996,Feb,Sun,F,15121
1996,Feb,Sun,M,15830
1996,Feb,Mon,F,20403
1996,Feb,Mon,M,21272
1996,Feb,Tue,F,22561
1996,Feb,Tue,M,23513
1996,Feb,Wed,F,22706
1996,Feb,Wed,M,23610
1996,Feb,Thu,F,27563
1996,Feb,Thu,M,29250
1996,Feb,Fri,F,22423
1996,Feb,Fri,M,23615
1996,Feb,Sat,F,16559
1996,Feb,Sat,M,17593
1996,Mar,Sun,F,19234
1996,Mar,Sun,M,20154
1996,Mar,Mon,F,20904
1996,Mar,Mon,M,21866
1996,Mar,Tue,F,22729
1996,Mar,Tue,M,23941
1996,Mar,Wed,F,22393
1996,Mar,Wed,M,23525
1996,Mar,Thu,F,22830
1996,Mar,Thu,M,23611
1996,Mar,Fri,F,28405
1996,Mar,Fri,M,29947
1996,Mar,Sat,F,21041
1996,Mar,Sat,M,22267
1996,Apr,Sun,F,14772
1996,Apr,Sun,M,15680
1996,Apr,Mon,F,25728
1996,Apr,Mon,M,26986
1996,Apr,Tue,F,28773
1996,Apr,Tue,M,30089
1996,Apr,Wed,F,22585
1996,Apr,Wed,M,23398
1996,Apr,Thu,F,22380
1996,Apr,Thu,M,23642
1996,Apr,Fri,F,21928
1996,Apr,Fri,M,23071
1996,Apr,Sat,F,16458
1996,Apr,Sat,M,17390
1996,May,Sun,F,15297
1996,May,Sun,M,15962
1996,May,Mon,F,19521
1996,May,Mon,M,20501
1996,May,Tue,F,22864
1996,May,Tue,M,23605
1996,May,Wed,F,28279
1996,May,Wed,M,30045
1996,May,Thu,F,28341
1996,May,Thu,M,29630
1996,May,Fri,F,28047
1996,May,Fri,M,29541
1996,May,Sat,F,16634
1996,May,Sat,M,17736
1996,Jun,Sun,F,19588
1996,Jun,Sun,M,20823
1996,Jun,Mon,F,21506
1996,Jun,Mon,M,22440
1996,Jun,Tue,F,23377
1996,Jun,Tue,M,24675
1996,Jun,Wed,F,23102
1996,Jun,Wed,M,24269
1996,Jun,Thu,F,23298
1996,Jun,Thu,M,24111
1996,Jun,Fri,F,23032
1996,Jun,Fri,M,24213
1996,Jun,Sat,F,21599
1996,Jun,Sat,M,22736
1996,Jul,Sun,F,16219
1996,Jul,Sun,M,17000
1996,Jul,Mon,F,27718
1996,Jul,Mon,M,29312
1996,Jul,Tue,F,31186
1996,Jul,Tue,M,32534
1996,Jul,Wed,F,30066
1996,Jul,Wed,M,31907
1996,Jul,Thu,F,22616
1996,Jul,Thu,M,23592
1996,Jul,Fri,F,22869
1996,Jul,Fri,M,24103
1996,Jul,Sat,F,17749
1996,Jul,Sat,M,18595
1996,Aug,Sun,F,16151
1996,Aug,Sun,M,17035
1996,Aug,Mon,F,22262
1996,Aug,Mon,M,23146
1996,Aug,Tue,F,24331
1996,Aug,Tue,M,25461
1996,Aug,Wed,F,24040
1996,Aug,Wed,M,25257
1996,Aug,Thu,F,30016
1996,Aug,Thu,M,31553
1996,Aug,Fri,F,30090
1996,Aug,Fri,M,31329
1996,Aug,Sat,F,22347
1996,Aug,Sat,M,23612
1996,Sep,Sun,F,20966
1996,Sep,Sun,M,21329
1996,Sep,Mon,F,26898
1996,Sep,Mon,M,28236
1996,Sep,Tue,F,24415
1996,Sep,Tue,M,25770
1996,Sep,Wed,F,24929
1996,Sep,Wed,M,25896
1996,Sep,Thu,F,24736
1996,Sep,Thu,M,25665
1996,Sep,Fri,F,24653
1996,Sep,Fri,M,25542
1996,Sep,Sat,F,18741
1996,Sep,Sat,M,18861
1996,Oct,Sun,F,15616
1996,Oct,Sun,M,16199
1996,Oct,Mon,F,21350
1996,Oct,Mon,M,22288
1996,Oct,Tue,F,30265
1996,Oct,Tue,M,31127
1996,Oct,Wed,F,29262
1996,Oct,Wed,M,30713
1996,Oct,Thu,F,28278
1996,Oct,Thu,M,29795
1996,Oct,Fri,F,23056
1996,Oct,Fri,M,23902
1996,Oct,Sat,F,17112
1996,Oct,Sat,M,17693
1996,Nov,Sun,F,15072
1996,Nov,Sun,M,15635
1996,Nov,Mon,F,21371
1996,Nov,Mon,M,22156
1996,Nov,Tue,F,23686
1996,Nov,Tue,M,24516
1996,Nov,Wed,F,22217
1996,Nov,Wed,M,23196
1996,Nov,Thu,F,20976
1996,Nov,Thu,M,21823
1996,Nov,Fri,F,27320
1996,Nov,Fri,M,28867
1996,Nov,Sat,F,20979
1996,Nov,Sat,M,21865
1996,Dec,Sun,F,19173
1996,Dec,Sun,M,20169
1996,Dec,Mon,F,27072
1996,Dec,Mon,M,28291
1996,Dec,Tue,F,28177
1996,Dec,Tue,M,29306
1996,Dec,Wed,F,20815
1996,Dec,Wed,M,21784
1996,Dec,Thu,F,22456
1996,Dec,Thu,M,23512
1996,Dec,Fri,F,22953
1996,Dec,Fri,M,24064
1996,Dec,Sat,F,16915
1996,Dec,Sat,M,18030
1997,Jan,Sun,F,14744
1997,Jan,Sun,M,15536
1997,Jan,Mon,F,20400
1997,Jan,Mon,M,21328
1997,Jan,Tue,F,22775
1997,Jan,Tue,M,23574
1997,Jan,Wed,F,26191
1997,Jan,Wed,M,26990
1997,Jan,Thu,F,26871
1997,Jan,Thu,M,28064
1997,Jan,Fri,F,28048
1997,Jan,Fri,M,28991
1997,Jan,Sat,F,16379
1997,Jan,Sat,M,17608
1997,Feb,Sun,F,14931
1997,Feb,Sun,M,15596
1997,Feb,Mon,F,20525
1997,Feb,Mon,M,21380
1997,Feb,Tue,F,22434
1997,Feb,Tue,M,23653
1997,Feb,Wed,F,22496
1997,Feb,Wed,M,23528
1997,Feb,Thu,F,22391
1997,Feb,Thu,M,23400
1997,Feb,Fri,F,22756
1997,Feb,Fri,M,24123
1997,Feb,Sat,F,16726
1997,Feb,Sat,M,17856
1997,Mar,Sun,F,18700
1997,Mar,Sun,M,19336
1997,Mar,Mon,F,26372
1997,Mar,Mon,M,27270
1997,Mar,Tue,F,23340
1997,Mar,Tue,M,24442
1997,Mar,Wed,F,22866
1997,Mar,Wed,M,23808
1997,Mar,Thu,F,22513
1997,Mar,Thu,M,23821
1997,Mar,Fri,F,22551
1997,Mar,Fri,M,23652
1997,Mar,Sat,F,20993
1997,Mar,Sat,M,21819
1997,Apr,Sun,F,14768
1997,Apr,Sun,M,15095
1997,Apr,Mon,F,20881
1997,Apr,Mon,M,21557
1997,Apr,Tue,F,28148
1997,Apr,Tue,M,29746
1997,Apr,Wed,F,28069
1997,Apr,Wed,M,29775
1997,Apr,Thu,F,22729
1997,Apr,Thu,M,23969
1997,Apr,Fri,F,22375
1997,Apr,Fri,M,23521
1997,Apr,Sat,F,16554
1997,Apr,Sat,M,17272
1997,May,Sun,F,15263
1997,May,Sun,M,15848
1997,May,Mon,F,20278
1997,May,Mon,M,21246
1997,May,Tue,F,23200
1997,May,Tue,M,24118
1997,May,Wed,F,23208
1997,May,Wed,M,24767
1997,May,Thu,F,29256
1997,May,Thu,M,30743
1997,May,Fri,F,29038
1997,May,Fri,M,30416
1997,May,Sat,F,21061
1997,May,Sat,M,22158
1997,Jun,Sun,F,18972
1997,Jun,Sun,M,20206
1997,Jun,Mon,F,26948
1997,Jun,Mon,M,28121
1997,Jun,Tue,F,23799
1997,Jun,Tue,M,25237
1997,Jun,Wed,F,23443
1997,Jun,Wed,M,24598
1997,Jun,Thu,F,23300
1997,Jun,Thu,M,24754
1997,Jun,Fri,F,23074
1997,Jun,Fri,M,24231
1997,Jun,Sat,F,17198
1997,Jun,Sat,M,18288
1997,Jul,Sun,F,15758
1997,Jul,Sun,M,16413
1997,Jul,Mon,F,22262
1997,Jul,Mon,M,23353
1997,Jul,Tue,F,31205
1997,Jul,Tue,M,32817
1997,Jul,Wed,F,30399
1997,Jul,Wed,M,31924
1997,Jul,Thu,F,30248
1997,Jul,Thu,M,31419
1997,Jul,Fri,F,22394
1997,Jul,Fri,M,23503
1997,Jul,Sat,F,17125
1997,Jul,Sat,M,17994
1997,Aug,Sun,F,19820
1997,Aug,Sun,M,20695
1997,Aug,Mon,F,22082
1997,Aug,Mon,M,22900
1997,Aug,Tue,F,24413
1997,Aug,Tue,M,25913
1997,Aug,Wed,F,23805
1997,Aug,Wed,M,24916
1997,Aug,Thu,F,24105
1997,Aug,Thu,M,25013
1997,Aug,Fri,F,29620
1997,Aug,Fri,M,31371
1997,Aug,Sat,F,22083
1997,Aug,Sat,M,22720
1997,Sep,Sun,F,16004
1997,Sep,Sun,M,16934
1997,Sep,Mon,F,26523
1997,Sep,Mon,M,27401
1997,Sep,Tue,F,30137
1997,Sep,Tue,M,31738
1997,Sep,Wed,F,24316
1997,Sep,Wed,M,25618
1997,Sep,Thu,F,24346
1997,Sep,Thu,M,25138
1997,Sep,Fri,F,24003
1997,Sep,Fri,M,25500
1997,Sep,Sat,F,17646
1997,Sep,Sat,M,18608
1997,Oct,Sun,F,14862
1997,Oct,Sun,M,15854
1997,Oct,Mon,F,20970
1997,Oct,Mon,M,21981
1997,Oct,Tue,F,23395
1997,Oct,Tue,M,24468
1997,Oct,Wed,F,28531
1997,Oct,Wed,M,29905
1997,Oct,Thu,F,28548
1997,Oct,Thu,M,29484
1997,Oct,Fri,F,27743
1997,Oct,Fri,M,29065
1997,Oct,Sat,F,16596
1997,Oct,Sat,M,17549
1997,Nov,Sun,F,18942
1997,Nov,Sun,M,19933
1997,Nov,Mon,F,21594
1997,Nov,Mon,M,22675
1997,Nov,Tue,F,23731
1997,Nov,Tue,M,25177
1997,Nov,Wed,F,22437
1997,Nov,Wed,M,23545
1997,Nov,Thu,F,20730
1997,Nov,Thu,M,21589
1997,Nov,Fri,F,21700
1997,Nov,Fri,M,22681
1997,Nov,Sat,F,21060
1997,Nov,Sat,M,21795
1997,Dec,Sun,F,15056
1997,Dec,Sun,M,15632
1997,Dec,Mon,F,28092
1997,Dec,Mon,M,29116
1997,Dec,Tue,F,30308
1997,Dec,Tue,M,32164
1997,Dec,Wed,F,27764
1997,Dec,Wed,M,28971
1997,Dec,Thu,F,21276
1997,Dec,Thu,M,21600
1997,Dec,Fri,F,22169
1997,Dec,Fri,M,23253
1997,Dec,Sat,F,16566
1997,Dec,Sat,M,17635
1998,Jan,Sun,F,14982
1998,Jan,Sun,M,15767
1998,Jan,Mon,F,20552
1998,Jan,Mon,M,21684
1998,Jan,Tue,F,23046
1998,Jan,Tue,M,24297
1998,Jan,Wed,F,22292
1998,Jan,Wed,M,23848
1998,Jan,Thu,F,26518
1998,Jan,Thu,M,27944
1998,Jan,Fri,F,27321
1998,Jan,Fri,M,28509
1998,Jan,Sat,F,20960
1998,Jan,Sat,M,21853
1998,Feb,Sun,F,15437
1998,Feb,Sun,M,15933
1998,Feb,Mon,F,21218
1998,Feb,Mon,M,22138
1998,Feb,Tue,F,23518
1998,Feb,Tue,M,24460
1998,Feb,Wed,F,22995
1998,Feb,Wed,M,24374
1998,Feb,Thu,F,23261
1998,Feb,Thu,M,24243
1998,Feb,Fri,F,22644
1998,Feb,Fri,M,23584
1998,Feb,Sat,F,17237
1998,Feb,Sat,M,17909
1998,Mar,Sun,F,19025
1998,Mar,Sun,M,19766
1998,Mar,Mon,F,26778
1998,Mar,Mon,M,27696
1998,Mar,Tue,F,29744
1998,Mar,Tue,M,31065
1998,Mar,Wed,F,23112
1998,Mar,Wed,M,24099
1998,Mar,Thu,F,23050
1998,Mar,Thu,M,24624
1998,Mar,Fri,F,22869
1998,Mar,Fri,M,23518
1998,Mar,Sat,F,16713
1998,Mar,Sat,M,17651
1998,Apr,Sun,F,14516
1998,Apr,Sun,M,15406
1998,Apr,Mon,F,21067
1998,Apr,Mon,M,21941
1998,Apr,Tue,F,23862
1998,Apr,Tue,M,25025
1998,Apr,Wed,F,28492
1998,Apr,Wed,M,29726
1998,Apr,Thu,F,28861
1998,Apr,Thu,M,30416
1998,Apr,Fri,F,22533
1998,Apr,Fri,M,23933
1998,Apr,Sat,F,16847
1998,Apr,Sat,M,17406
1998,May,Sun,F,18990
1998,May,Sun,M,20119
1998,May,Mon,F,20230
1998,May,Mon,M,20810
1998,May,Tue,F,23890
1998,May,Tue,M,24953
1998,May,Wed,F,23616
1998,May,Wed,M,24945
1998,May,Thu,F,23943
1998,May,Thu,M,25197
1998,May,Fri,F,29538
1998,May,Fri,M,30818
1998,May,Sat,F,21336
1998,May,Sat,M,22379
1998,Jun,Sun,F,15159
1998,Jun,Sun,M,15982
1998,Jun,Mon,F,26733
1998,Jun,Mon,M,28634
1998,Jun,Tue,F,30004
1998,Jun,Tue,M,31690
1998,Jun,Wed,F,23592
1998,Jun,Wed,M,24652
1998,Jun,Thu,F,23489
1998,Jun,Thu,M,24556
1998,Jun,Fri,F,23151
1998,Jun,Fri,M,24400
1998,Jun,Sat,F,17079
1998,Jun,Sat,M,18261
1998,Jul,Sun,F,15575
1998,Jul,Sun,M,16340
1998,Jul,Mon,F,21928
1998,Jul,Mon,M,23237
1998,Jul,Tue,F,25210
1998,Jul,Tue,M,26239
1998,Jul,Wed,F,30793
1998,Jul,Wed,M,32411
1998,Jul,Thu,F,30590
1998,Jul,Thu,M,31837
1998,Jul,Fri,F,29183
1998,Jul,Fri,M,30451
1998,Jul,Sat,F,17097
1998,Jul,Sat,M,18101
1998,Aug,Sun,F,19845
1998,Aug,Sun,M,20831
1998,Aug,Mon,F,28057
1998,Aug,Mon,M,29495
1998,Aug,Tue,F,25099
1998,Aug,Tue,M,26356
1998,Aug,Wed,F,24263
1998,Aug,Wed,M,25564
1998,Aug,Thu,F,24487
1998,Aug,Thu,M,25643
1998,Aug,Fri,F,24356
1998,Aug,Fri,M,25377
1998,Aug,Sat,F,22246
1998,Aug,Sat,M,23481
1998,Sep,Sun,F,16203
1998,Sep,Sun,M,16958
1998,Sep,Mon,F,21477
1998,Sep,Mon,M,22084
1998,Sep,Tue,F,31122
1998,Sep,Tue,M,32177
1998,Sep,Wed,F,31033
1998,Sep,Wed,M,32588
1998,Sep,Thu,F,25251
1998,Sep,Thu,M,26194
1998,Sep,Fri,F,25062
1998,Sep,Fri,M,26273
1998,Sep,Sat,F,18354
1998,Sep,Sat,M,18980
1998,Oct,Sun,F,15167
1998,Oct,Sun,M,16149
1998,Oct,Mon,F,21486
1998,Oct,Mon,M,22200
1998,Oct,Tue,F,23876
1998,Oct,Tue,M,24935
1998,Oct,Wed,F,23505
1998,Oct,Wed,M,24274
1998,Oct,Thu,F,29459
1998,Oct,Thu,M,30722
1998,Oct,Fri,F,28744
1998,Oct,Fri,M,29975
1998,Oct,Sat,F,20761
1998,Oct,Sat,M,21885
1998,Nov,Sun,F,18786
1998,Nov,Sun,M,19854
1998,Nov,Mon,F,27448
1998,Nov,Mon,M,29081
1998,Nov,Tue,F,24613
1998,Nov,Tue,M,25470
1998,Nov,Wed,F,22743
1998,Nov,Wed,M,23733
1998,Nov,Thu,F,21114
1998,Nov,Thu,M,22310
1998,Nov,Fri,F,21718
1998,Nov,Fri,M,22351
1998,Nov,Sat,F,16964
1998,Nov,Sat,M,17362
1998,Dec,Sun,F,15040
1998,Dec,Sun,M,15688
1998,Dec,Mon,F,22579
1998,Dec,Mon,M,23807
1998,Dec,Tue,F,31533
1998,Dec,Tue,M,32847
1998,Dec,Wed,F,29383
1998,Dec,Wed,M,31204
1998,Dec,Thu,F,27445
1998,Dec,Thu,M,28695
1998,Dec,Fri,F,21146
1998,Dec,Fri,M,21505
1998,Dec,Sat,F,16165
1998,Dec,Sat,M,17211
1999,Jan,Sun,F,18368
1999,Jan,Sun,M,19516
1999,Jan,Mon,F,21045
1999,Jan,Mon,M,21685
1999,Jan,Tue,F,23395
1999,Jan,Tue,M,24567
1999,Jan,Wed,F,22940
1999,Jan,Wed,M,23906
1999,Jan,Thu,F,23154
1999,Jan,Thu,M,24331
1999,Jan,Fri,F,27000
1999,Jan,Fri,M,27932
1999,Jan,Sat,F,20152
1999,Jan,Sat,M,21503
1999,Feb,Sun,F,15106
1999,Feb,Sun,M,15968
1999,Feb,Mon,F,20941
1999,Feb,Mon,M,22228
1999,Feb,Tue,F,23507
1999,Feb,Tue,M,24599
1999,Feb,Wed,F,23232
1999,Feb,Wed,M,24024
1999,Feb,Thu,F,23194
1999,Feb,Thu,M,24368
1999,Feb,Fri,F,22819
1999,Feb,Fri,M,24062
1999,Feb,Sat,F,16373
1999,Feb,Sat,M,17411
1999,Mar,Sun,F,14668
1999,Mar,Sun,M,15460
1999,Mar,Mon,F,26546
1999,Mar,Mon,M,28042
1999,Mar,Tue,F,29546
1999,Mar,Tue,M,31031
1999,Mar,Wed,F,28992
1999,Mar,Wed,M,30412
1999,Mar,Thu,F,23092
1999,Mar,Thu,M,24339
1999,Mar,Fri,F,22893
1999,Mar,Fri,M,23910
1999,Mar,Sat,F,16911
1999,Mar,Sat,M,17380
1999,Apr,Sun,F,14395
1999,Apr,Sun,M,14978
1999,Apr,Mon,F,20971
1999,Apr,Mon,M,22308
1999,Apr,Tue,F,23411
1999,Apr,Tue,M,24644
1999,Apr,Wed,F,22826
1999,Apr,Wed,M,24376
1999,Apr,Thu,F,28465
1999,Apr,Thu,M,29951
1999,Apr,Fri,F,27858
1999,Apr,Fri,M,29590
1999,Apr,Sat,F,16224
1999,Apr,Sat,M,17160
1999,May,Sun,F,18752
1999,May,Sun,M,19415
1999,May,Mon,F,25525
1999,May,Mon,M,26944
1999,May,Tue,F,24356
1999,May,Tue,M,25724
1999,May,Wed,F,23690
1999,May,Wed,M,24837
1999,May,Thu,F,23862
1999,May,Thu,M,24832
1999,May,Fri,F,23304
1999,May,Fri,M,24762
1999,May,Sat,F,20635
1999,May,Sat,M,22168
1999,Jun,Sun,F,15037
1999,Jun,Sun,M,15985
1999,Jun,Mon,F,22227
1999,Jun,Mon,M,23081
1999,Jun,Tue,F,30151
1999,Jun,Tue,M,31727
1999,Jun,Wed,F,30057
1999,Jun,Wed,M,31665
1999,Jun,Thu,F,24273
1999,Jun,Thu,M,25232
1999,Jun,Fri,F,23500
1999,Jun,Fri,M,24530
1999,Jun,Sat,F,17010
1999,Jun,Sat,M,18041
1999,Jul,Sun,F,15706
1999,Jul,Sun,M,16396
1999,Jul,Mon,F,21013
1999,Jul,Mon,M,22193
1999,Jul,Tue,F,24613
1999,Jul,Tue,M,25655
1999,Jul,Wed,F,25302
1999,Jul,Wed,M,26217
1999,Jul,Thu,F,31495
1999,Jul,Thu,M,33225
1999,Jul,Fri,F,30799
1999,Jul,Fri,M,32150
1999,Jul,Sat,F,21977
1999,Jul,Sat,M,23485
1999,Aug,Sun,F,19798
1999,Aug,Sun,M,20857
1999,Aug,Mon,F,28473
1999,Aug,Mon,M,29644
1999,Aug,Tue,F,31601
1999,Aug,Tue,M,33094
1999,Aug,Wed,F,24630
1999,Aug,Wed,M,25986
1999,Aug,Thu,F,24979
1999,Aug,Thu,M,26176
1999,Aug,Fri,F,24277
1999,Aug,Fri,M,25478
1999,Aug,Sat,F,17960
1999,Aug,Sat,M,18798
1999,Sep,Sun,F,16467
1999,Sep,Sun,M,17092
1999,Sep,Mon,F,21447
1999,Sep,Mon,M,22416
1999,Sep,Tue,F,25106
1999,Sep,Tue,M,26428
1999,Sep,Wed,F,31636
1999,Sep,Wed,M,33112
1999,Sep,Thu,F,32080
1999,Sep,Thu,M,33942
1999,Sep,Fri,F,25521
1999,Sep,Fri,M,26778
1999,Sep,Sat,F,18442
1999,Sep,Sat,M,19356
1999,Oct,Sun,F,18920
1999,Oct,Sun,M,19370
1999,Oct,Mon,F,22064
1999,Oct,Mon,M,22791
1999,Oct,Tue,F,24468
1999,Oct,Tue,M,25465
1999,Oct,Wed,F,23568
1999,Oct,Wed,M,24541
1999,Oct,Thu,F,23514
1999,Oct,Thu,M,24630
1999,Oct,Fri,F,29811
1999,Oct,Fri,M,30778
1999,Oct,Sat,F,21002
1999,Oct,Sat,M,22429
1999,Nov,Sun,F,14685
1999,Nov,Sun,M,15297
1999,Nov,Mon,F,27550
1999,Nov,Mon,M,28533
1999,Nov,Tue,F,30232
1999,Nov,Tue,M,31658
1999,Nov,Wed,F,22772
1999,Nov,Wed,M,23780
1999,Nov,Thu,F,21034
1999,Nov,Thu,M,22065
1999,Nov,Fri,F,21940
1999,Nov,Fri,M,22540
1999,Nov,Sat,F,16392
1999,Nov,Sat,M,17189
1999,Dec,Sun,F,14756
1999,Dec,Sun,M,15490
1999,Dec,Mon,F,22431
1999,Dec,Mon,M,23482
1999,Dec,Tue,F,25095
1999,Dec,Tue,M,26610
1999,Dec,Wed,F,30230
1999,Dec,Wed,M,31387
1999,Dec,Thu,F,28593
1999,Dec,Thu,M,30139
1999,Dec,Fri,F,25887
1999,Dec,Fri,M,27057
1999,Dec,Sat,F,15841
1999,Dec,Sat,M,16622
2000,Jan,Sun,F,18666
2000,Jan,Sun,M,19755
2000,Jan,Mon,F,26946
2000,Jan,Mon,M,28328
2000,Jan,Tue,F,24280
2000,Jan,Tue,M,25148
2000,Jan,Wed,F,23695
2000,Jan,Wed,M,24618
2000,Jan,Thu,F,23394
2000,Jan,Thu,M,24808
2000,Jan,Fri,F,23154
2000,Jan,Fri,M,24440
2000,Jan,Sat,F,21153
2000,Jan,Sat,M,22128
2000,Feb,Sun,F,15040
2000,Feb,Sun,M,16006
2000,Feb,Mon,F,22035
2000,Feb,Mon,M,22928
2000,Feb,Tue,F,30120
2000,Feb,Tue,M,31649
2000,Feb,Wed,F,23393
2000,Feb,Wed,M,24992
2000,Feb,Thu,F,23730
2000,Feb,Thu,M,24899
2000,Feb,Fri,F,23538
2000,Feb,Fri,M,24646
2000,Feb,Sat,F,16838
2000,Feb,Sat,M,17877
2000,Mar,Sun,F,15719
2000,Mar,Sun,M,16383
2000,Mar,Mon,F,21977
2000,Mar,Mon,M,23133
2000,Mar,Tue,F,24650
2000,Mar,Tue,M,25863
2000,Mar,Wed,F,29585
2000,Mar,Wed,M,31076
2000,Mar,Thu,F,29517
2000,Mar,Thu,M,31161
2000,Mar,Fri,F,27879
2000,Mar,Fri,M,29379
2000,Mar,Sat,F,16797
2000,Mar,Sat,M,17813
2000,Apr,Sun,F,18593
2000,Apr,Sun,M,19803
2000,Apr,Mon,F,22154
2000,Apr,Mon,M,23213
2000,Apr,Tue,F,24462
2000,Apr,Tue,M,25225
2000,Apr,Wed,F,23523
2000,Apr,Wed,M,24936
2000,Apr,Thu,F,23192
2000,Apr,Thu,M,24336
2000,Apr,Fri,F,22602
2000,Apr,Fri,M,23621
2000,Apr,Sat,F,20512
2000,Apr,Sat,M,21361
2000,May,Sun,F,16038
2000,May,Sun,M,17101
2000,May,Mon,F,26968
2000,May,Mon,M,27786
2000,May,Tue,F,30174
2000,May,Tue,M,31999
2000,May,Wed,F,29793
2000,May,Wed,M,31054
2000,May,Thu,F,23923
2000,May,Thu,M,25456
2000,May,Fri,F,22900
2000,May,Fri,M,24278
2000,May,Sat,F,16647
2000,May,Sat,M,17487
2000,Jun,Sun,F,16213
2000,Jun,Sun,M,17168
2000,Jun,Mon,F,22724
2000,Jun,Mon,M,24293
2000,Jun,Tue,F,24621
2000,Jun,Tue,M,26106
2000,Jun,Wed,F,25006
2000,Jun,Wed,M,26650
2000,Jun,Thu,F,31135
2000,Jun,Thu,M,32625
2000,Jun,Fri,F,29240
2000,Jun,Fri,M,30424
2000,Jun,Sat,F,17419
2000,Jun,Sat,M,17981
2000,Jul,Sun,F,21004
2000,Jul,Sun,M,22082
2000,Jul,Mon,F,28168
2000,Jul,Mon,M,29540
2000,Jul,Tue,F,23922
2000,Jul,Tue,M,25133
2000,Jul,Wed,F,24695
2000,Jul,Wed,M,25776
2000,Jul,Thu,F,25297
2000,Jul,Thu,M,26590
2000,Jul,Fri,F,24911
2000,Jul,Fri,M,26210
2000,Jul,Sat,F,22330
2000,Jul,Sat,M,23771
2000,Aug,Sun,F,16675
2000,Aug,Sun,M,17436
2000,Aug,Mon,F,23911
2000,Aug,Mon,M,24934
2000,Aug,Tue,F,32089
2000,Aug,Tue,M,33434
2000,Aug,Wed,F,31166
2000,Aug,Wed,M,32696
2000,Aug,Thu,F,30750
2000,Aug,Thu,M,31980
2000,Aug,Fri,F,24152
2000,Aug,Fri,M,25099
2000,Aug,Sat,F,17765
2000,Aug,Sat,M,18451
2000,Sep,Sun,F,16954
2000,Sep,Sun,M,17710
2000,Sep,Mon,F,22344
2000,Sep,Mon,M,23320
2000,Sep,Tue,F,25643
2000,Sep,Tue,M,26587
2000,Sep,Wed,F,25966
2000,Sep,Wed,M,27126
2000,Sep,Thu,F,26876
2000,Sep,Thu,M,27506
2000,Sep,Fri,F,30467
2000,Sep,Fri,M,32182
2000,Sep,Sat,F,22161
2000,Sep,Sat,M,23262
2000,Oct,Sun,F,20240
2000,Oct,Sun,M,21547
2000,Oct,Mon,F,28139
2000,Oct,Mon,M,29867
2000,Oct,Tue,F,29794
2000,Oct,Tue,M,31260
2000,Oct,Wed,F,24683
2000,Oct,Wed,M,25826
2000,Oct,Thu,F,24582
2000,Oct,Thu,M,25578
2000,Oct,Fri,F,22867
2000,Oct,Fri,M,23924
2000,Oct,Sat,F,17734
2000,Oct,Sat,M,18348
2000,Nov,Sun,F,16239
2000,Nov,Sun,M,16840
2000,Nov,Mon,F,23523
2000,Nov,Mon,M,24452
2000,Nov,Tue,F,26264
2000,Nov,Tue,M,27159
2000,Nov,Wed,F,30416
2000,Nov,Wed,M,31688
2000,Nov,Thu,F,28256
2000,Nov,Thu,M,29271
2000,Nov,Fri,F,22199
2000,Nov,Fri,M,23136
2000,Nov,Sat,F,17189
2000,Nov,Sat,M,17660
2000,Dec,Sun,F,18824
2000,Dec,Sun,M,19617
2000,Dec,Mon,F,20854
2000,Dec,Mon,M,21484
2000,Dec,Tue,F,24127
2000,Dec,Tue,M,25510
2000,Dec,Wed,F,24671
2000,Dec,Wed,M,26292
2000,Dec,Thu,F,25902
2000,Dec,Thu,M,26717
2000,Dec,Fri,F,29379
2000,Dec,Fri,M,30683
2000,Dec,Sat,F,21182
2000,Dec,Sat,M,21951
2001,Jan,Sun,F,15064
2001,Jan,Sun,M,15716
2001,Jan,Mon,F,25635
2001,Jan,Mon,M,26309
2001,Jan,Tue,F,28718
2001,Jan,Tue,M,30261
2001,Jan,Wed,F,29675
2001,Jan,Wed,M,30981
2001,Jan,Thu,F,24066
2001,Jan,Thu,M,25250
2001,Jan,Fri,F,23948
2001,Jan,Fri,M,25032
2001,Jan,Sat,F,17298
2001,Jan,Sat,M,17659
2001,Feb,Sun,F,14907
2001,Feb,Sun,M,15241
2001,Feb,Mon,F,21960
2001,Feb,Mon,M,22495
2001,Feb,Tue,F,23669
2001,Feb,Tue,M,24828
2001,Feb,Wed,F,24075
2001,Feb,Wed,M,25090
2001,Feb,Thu,F,23786
2001,Feb,Thu,M,25234
2001,Feb,Fri,F,23697
2001,Feb,Fri,M,24791
2001,Feb,Sat,F,16546
2001,Feb,Sat,M,17580
2001,Mar,Sun,F,14802
2001,Mar,Sun,M,15561
2001,Mar,Mon,F,21919
2001,Mar,Mon,M,22811
2001,Mar,Tue,F,24104
2001,Mar,Tue,M,25202
2001,Mar,Wed,F,23752
2001,Mar,Wed,M,25348
2001,Mar,Thu,F,29843
2001,Mar,Thu,M,31385
2001,Mar,Fri,F,29619
2001,Mar,Fri,M,31139
2001,Mar,Sat,F,21320
2001,Mar,Sat,M,22283
2001,Apr,Sun,F,18050
2001,Apr,Sun,M,18842
2001,Apr,Mon,F,27631
2001,Apr,Mon,M,28880
2001,Apr,Tue,F,24572
2001,Apr,Tue,M,26171
2001,Apr,Wed,F,24309
2001,Apr,Wed,M,25395
2001,Apr,Thu,F,24026
2001,Apr,Thu,M,25033
2001,Apr,Fri,F,23139
2001,Apr,Fri,M,24070
2001,Apr,Sat,F,16508
2001,Apr,Sat,M,17413
2001,May,Sun,F,14652
2001,May,Sun,M,15644
2001,May,Mon,F,20557
2001,May,Mon,M,21488
2001,May,Tue,F,30373
2001,May,Tue,M,32578
2001,May,Wed,F,30721
2001,May,Wed,M,32015
2001,May,Thu,F,30705
2001,May,Thu,M,32217
2001,May,Fri,F,23850
2001,May,Fri,M,25018
2001,May,Sat,F,17020
2001,May,Sat,M,17655
2001,Jun,Sun,F,14839
2001,Jun,Sun,M,15640
2001,Jun,Mon,F,22296
2001,Jun,Mon,M,23448
2001,Jun,Tue,F,24641
2001,Jun,Tue,M,25896
2001,Jun,Wed,F,24129
2001,Jun,Wed,M,25556
2001,Jun,Thu,F,24633
2001,Jun,Thu,M,25347
2001,Jun,Fri,F,30264
2001,Jun,Fri,M,31413
2001,Jun,Sat,F,21145
2001,Jun,Sat,M,22290
2001,Jul,Sun,F,19465
2001,Jul,Sun,M,20348
2001,Jul,Mon,F,29252
2001,Jul,Mon,M,30711
2001,Jul,Tue,F,32390
2001,Jul,Tue,M,33615
2001,Jul,Wed,F,23665
2001,Jul,Wed,M,24285
2001,Jul,Thu,F,24913
2001,Jul,Thu,M,26188
2001,Jul,Fri,F,24552
2001,Jul,Fri,M,25529
2001,Jul,Sat,F,17845
2001,Jul,Sat,M,18828
2001,Aug,Sun,F,15455
2001,Aug,Sun,M,16457
2001,Aug,Mon,F,23136
2001,Aug,Mon,M,23999
2001,Aug,Tue,F,25934
2001,Aug,Tue,M,27082
2001,Aug,Wed,F,31559
2001,Aug,Wed,M,32808
2001,Aug,Thu,F,31731
2001,Aug,Thu,M,33575
2001,Aug,Fri,F,31551
2001,Aug,Fri,M,32790
2001,Aug,Sat,F,17665
2001,Aug,Sat,M,18640
2001,Sep,Sun,F,19885
2001,Sep,Sun,M,20801
2001,Sep,Mon,F,21907
2001,Sep,Mon,M,23044
2001,Sep,Tue,F,25684
2001,Sep,Tue,M,26777
2001,Sep,Wed,F,25945
2001,Sep,Wed,M,27058
2001,Sep,Thu,F,26067
2001,Sep,Thu,M,26920
2001,Sep,Fri,F,25653
2001,Sep,Fri,M,27058
2001,Sep,Sat,F,22607
2001,Sep,Sat,M,23680
2001,Oct,Sun,F,14760
2001,Oct,Sun,M,15381
2001,Oct,Mon,F,28117
2001,Oct,Mon,M,29373
2001,Oct,Tue,F,30768
2001,Oct,Tue,M,32325
2001,Oct,Wed,F,29547
2001,Oct,Wed,M,31078
2001,Oct,Thu,F,24354
2001,Oct,Thu,M,25497
2001,Oct,Fri,F,24206
2001,Oct,Fri,M,25033
2001,Oct,Sat,F,16763
2001,Oct,Sat,M,17397
2001,Nov,Sun,F,14588
2001,Nov,Sun,M,14971
2001,Nov,Mon,F,22919
2001,Nov,Mon,M,23959
2001,Nov,Tue,F,24569
2001,Nov,Tue,M,26102
2001,Nov,Wed,F,23847
2001,Nov,Wed,M,24607
2001,Nov,Thu,F,27760
2001,Nov,Thu,M,29284
2001,Nov,Fri,F,28537
2001,Nov,Fri,M,29578
2001,Nov,Sat,F,16361
2001,Nov,Sat,M,17132
2001,Dec,Sun,F,17882
2001,Dec,Sun,M,18785
2001,Dec,Mon,F,25571
2001,Dec,Mon,M,26623
2001,Dec,Tue,F,21840
2001,Dec,Tue,M,22670
2001,Dec,Wed,F,23822
2001,Dec,Wed,M,24856
2001,Dec,Thu,F,25212
2001,Dec,Thu,M,26007
2001,Dec,Fri,F,24943
2001,Dec,Fri,M,25804
2001,Dec,Sat,F,21080
2001,Dec,Sat,M,21901
2002,Jan,Sun,F,14367
2002,Jan,Sun,M,15269
2002,Jan,Mon,F,21823
2002,Jan,Mon,M,22829
2002,Jan,Tue,F,27611
2002,Jan,Tue,M,28657
2002,Jan,Wed,F,27909
2002,Jan,Wed,M,29536
2002,Jan,Thu,F,29398
2002,Jan,Thu,M,31367
2002,Jan,Fri,F,23744
2002,Jan,Fri,M,24674
2002,Jan,Sat,F,16625
2002,Jan,Sat,M,17280
2002,Feb,Sun,F,14382
2002,Feb,Sun,M,15132
2002,Feb,Mon,F,21833
2002,Feb,Mon,M,22802
2002,Feb,Tue,F,24021
2002,Feb,Tue,M,25030
2002,Feb,Wed,F,23663
2002,Feb,Wed,M,24717
2002,Feb,Thu,F,24147
2002,Feb,Thu,M,25126
2002,Feb,Fri,F,23945
2002,Feb,Fri,M,25065
2002,Feb,Sat,F,16754
2002,Feb,Sat,M,17755
2002,Mar,Sun,F,18145
2002,Mar,Sun,M,18784
2002,Mar,Mon,F,21995
2002,Mar,Mon,M,23198
2002,Mar,Tue,F,24477
2002,Mar,Tue,M,25410
2002,Mar,Wed,F,23795
2002,Mar,Wed,M,24843
2002,Mar,Thu,F,24072
2002,Mar,Thu,M,25147
2002,Mar,Fri,F,29498
2002,Mar,Fri,M,30449
2002,Mar,Sat,F,20369
2002,Mar,Sat,M,21712
2002,Apr,Sun,F,13933
2002,Apr,Sun,M,15208
2002,Apr,Mon,F,27107
2002,Apr,Mon,M,28348
2002,Apr,Tue,F,30485
2002,Apr,Tue,M,31848
2002,Apr,Wed,F,23815
2002,Apr,Wed,M,24925
2002,Apr,Thu,F,23918
2002,Apr,Thu,M,24716
2002,Apr,Fri,F,23425
2002,Apr,Fri,M,24301
2002,Apr,Sat,F,15991
2002,Apr,Sat,M,16829
2002,May,Sun,F,14431
2002,May,Sun,M,14894
2002,May,Mon,F,20255
2002,May,Mon,M,21439
2002,May,Tue,F,24139
2002,May,Tue,M,25451
2002,May,Wed,F,30353
2002,May,Wed,M,32056
2002,May,Thu,F,30380
2002,May,Thu,M,31871
2002,May,Fri,F,29818
2002,May,Fri,M,31210
2002,May,Sat,F,16154
2002,May,Sat,M,17004
2002,Jun,Sun,F,18456
2002,Jun,Sun,M,19353
2002,Jun,Mon,F,22712
2002,Jun,Mon,M,23492
2002,Jun,Tue,F,24728
2002,Jun,Tue,M,26263
2002,Jun,Wed,F,24519
2002,Jun,Wed,M,25686
2002,Jun,Thu,F,24622
2002,Jun,Thu,M,25901
2002,Jun,Fri,F,23956
2002,Jun,Fri,M,25485
2002,Jun,Sat,F,20799
2002,Jun,Sat,M,22081
2002,Jul,Sun,F,15261
2002,Jul,Sun,M,16153
2002,Jul,Mon,F,29613
2002,Jul,Mon,M,31013
2002,Jul,Tue,F,32968
2002,Jul,Tue,M,34576
2002,Jul,Wed,F,32186
2002,Jul,Wed,M,33417
2002,Jul,Thu,F,23787
2002,Jul,Thu,M,24973
2002,Jul,Fri,F,24176
2002,Jul,Fri,M,24941
2002,Jul,Sat,F,17094
2002,Jul,Sat,M,18062
2002,Aug,Sun,F,15112
2002,Aug,Sun,M,16140
2002,Aug,Mon,F,23521
2002,Aug,Mon,M,24603
2002,Aug,Tue,F,26030
2002,Aug,Tue,M,27450
2002,Aug,Wed,F,25385
2002,Aug,Wed,M,26665
2002,Aug,Thu,F,32040
2002,Aug,Thu,M,33609
2002,Aug,Fri,F,31388
2002,Aug,Fri,M,33098
2002,Aug,Sat,F,22025
2002,Aug,Sat,M,22879
2002,Sep,Sun,F,19541
2002,Sep,Sun,M,20577
2002,Sep,Mon,F,28239
2002,Sep,Mon,M,29651
2002,Sep,Tue,F,26252
2002,Sep,Tue,M,27566
2002,Sep,Wed,F,25877
2002,Sep,Wed,M,27150
2002,Sep,Thu,F,26691
2002,Sep,Thu,M,27958
2002,Sep,Fri,F,25854
2002,Sep,Fri,M,26923
2002,Sep,Sat,F,17997
2002,Sep,Sat,M,19120
2002,Oct,Sun,F,14657
2002,Oct,Sun,M,15223
2002,Oct,Mon,F,22714
2002,Oct,Mon,M,23496
2002,Oct,Tue,F,31293
2002,Oct,Tue,M,32874
2002,Oct,Wed,F,30510
2002,Oct,Wed,M,31938
2002,Oct,Thu,F,29509
2002,Oct,Thu,M,31071
2002,Oct,Fri,F,24025
2002,Oct,Fri,M,25142
2002,Oct,Sat,F,16774
2002,Oct,Sat,M,17098
2002,Nov,Sun,F,14456
2002,Nov,Sun,M,15224
2002,Nov,Mon,F,22905
2002,Nov,Mon,M,23757
2002,Nov,Tue,F,24510
2002,Nov,Tue,M,26111
2002,Nov,Wed,F,23549
2002,Nov,Wed,M,24202
2002,Nov,Thu,F,21587
2002,Nov,Thu,M,22759
2002,Nov,Fri,F,28670
2002,Nov,Fri,M,29856
2002,Nov,Sat,F,20172
2002,Nov,Sat,M,21291
2002,Dec,Sun,F,18236
2002,Dec,Sun,M,19028
2002,Dec,Mon,F,29165
2002,Dec,Mon,M,29899
2002,Dec,Tue,F,29076
2002,Dec,Tue,M,30920
2002,Dec,Wed,F,21637
2002,Dec,Wed,M,22996
2002,Dec,Thu,F,24037
2002,Dec,Thu,M,25141
2002,Dec,Fri,F,24444
2002,Dec,Fri,M,25577
2002,Dec,Sat,F,16987
2002,Dec,Sat,M,17587
2003,Jan,Sun,F,14301
2003,Jan,Sun,M,14996
2003,Jan,Mon,F,21596
2003,Jan,Mon,M,22772
2003,Jan,Tue,F,24082
2003,Jan,Tue,M,25449
2003,Jan,Wed,F,26887
2003,Jan,Wed,M,28409
2003,Jan,Thu,F,28661
2003,Jan,Thu,M,29962
2003,Jan,Fri,F,29342
2003,Jan,Fri,M,30535
2003,Jan,Sat,F,16331
2003,Jan,Sat,M,16981
2003,Feb,Sun,F,14621
2003,Feb,Sun,M,15494
2003,Feb,Mon,F,22124
2003,Feb,Mon,M,23214
2003,Feb,Tue,F,24411
2003,Feb,Tue,M,25663
2003,Feb,Wed,F,23745
2003,Feb,Wed,M,24965
2003,Feb,Thu,F,24071
2003,Feb,Thu,M,24971
2003,Feb,Fri,F,24413
2003,Feb,Fri,M,25419
2003,Feb,Sat,F,16893
2003,Feb,Sat,M,17658
2003,Mar,Sun,F,17951
2003,Mar,Sun,M,18924
2003,Mar,Mon,F,28593
2003,Mar,Mon,M,29976
2003,Mar,Tue,F,24631
2003,Mar,Tue,M,26307
2003,Mar,Wed,F,24061
2003,Mar,Wed,M,25264
2003,Mar,Thu,F,24087
2003,Mar,Thu,M,25425
2003,Mar,Fri,F,24171
2003,Mar,Fri,M,25509
2003,Mar,Sat,F,20824
2003,Mar,Sat,M,21695
2003,Apr,Sun,F,14111
2003,Apr,Sun,M,14655
2003,Apr,Mon,F,22541
2003,Apr,Mon,M,23441
2003,Apr,Tue,F,30636
2003,Apr,Tue,M,31705
2003,Apr,Wed,F,30057
2003,Apr,Wed,M,32072
2003,Apr,Thu,F,24249
2003,Apr,Thu,M,25705
2003,Apr,Fri,F,23745
2003,Apr,Fri,M,24575
2003,Apr,Sat,F,16092
2003,Apr,Sat,M,17005
2003,May,Sun,F,14806
2003,May,Sun,M,15300
2003,May,Mon,F,21364
2003,May,Mon,M,22088
2003,May,Tue,F,24727
2003,May,Tue,M,25849
2003,May,Wed,F,25264
2003,May,Wed,M,26637
2003,May,Thu,F,31524
2003,May,Thu,M,33116
2003,May,Fri,F,30947
2003,May,Fri,M,32616
2003,May,Sat,F,20818
2003,May,Sat,M,22169
2003,Jun,Sun,F,18441
2003,Jun,Sun,M,19560
2003,Jun,Mon,F,29137
2003,Jun,Mon,M,30861
2003,Jun,Tue,F,25592
2003,Jun,Tue,M,26894
2003,Jun,Wed,F,25146
2003,Jun,Wed,M,26636
2003,Jun,Thu,F,25068
2003,Jun,Thu,M,26387
2003,Jun,Fri,F,24242
2003,Jun,Fri,M,25436
2003,Jun,Sat,F,16697
2003,Jun,Sat,M,17847
2003,Jul,Sun,F,15257
2003,Jul,Sun,M,16141
2003,Jul,Mon,F,23988
2003,Jul,Mon,M,25072
2003,Jul,Tue,F,33048
2003,Jul,Tue,M,34893
2003,Jul,Wed,F,32578
2003,Jul,Wed,M,34217
2003,Jul,Thu,F,32587
2003,Jul,Thu,M,34190
2003,Jul,Fri,F,23449
2003,Jul,Fri,M,24689
2003,Jul,Sat,F,16848
2003,Jul,Sat,M,17843
2003,Aug,Sun,F,18994
2003,Aug,Sun,M,20234
2003,Aug,Mon,F,24018
2003,Aug,Mon,M,24795
2003,Aug,Tue,F,26555
2003,Aug,Tue,M,27970
2003,Aug,Wed,F,25782
2003,Aug,Wed,M,27166
2003,Aug,Thu,F,26211
2003,Aug,Thu,M,27515
2003,Aug,Fri,F,32128
2003,Aug,Fri,M,33898
2003,Aug,Sat,F,22009
2003,Aug,Sat,M,23408
2003,Sep,Sun,F,16062
2003,Sep,Sun,M,16930
2003,Sep,Mon,F,28841
2003,Sep,Mon,M,29705
2003,Sep,Tue,F,32908
2003,Sep,Tue,M,34516
2003,Sep,Wed,F,27122
2003,Sep,Wed,M,28254
2003,Sep,Thu,F,26646
2003,Sep,Thu,M,27661
2003,Sep,Fri,F,26524
2003,Sep,Fri,M,27704
2003,Sep,Sat,F,18167
2003,Sep,Sat,M,19158
2003,Oct,Sun,F,14940
2003,Oct,Sun,M,15632
2003,Oct,Mon,F,22938
2003,Oct,Mon,M,23880
2003,Oct,Tue,F,25686
2003,Oct,Tue,M,26823
2003,Oct,Wed,F,31723
2003,Oct,Wed,M,32924
2003,Oct,Thu,F,31354
2003,Oct,Thu,M,32594
2003,Oct,Fri,F,30194
2003,Oct,Fri,M,31452
2003,Oct,Sat,F,16824
2003,Oct,Sat,M,17619
2003,Nov,Sun,F,17836
2003,Nov,Sun,M,18973
2003,Nov,Mon,F,24020
2003,Nov,Mon,M,24673
2003,Nov,Tue,F,25709
2003,Nov,Tue,M,26722
2003,Nov,Wed,F,24332
2003,Nov,Wed,M,25402
2003,Nov,Thu,F,22064
2003,Nov,Thu,M,22722
2003,Nov,Fri,F,22739
2003,Nov,Fri,M,23878
2003,Nov,Sat,F,20160
2003,Nov,Sat,M,21387
2003,Dec,Sun,F,14491
2003,Dec,Sun,M,15328
2003,Dec,Mon,F,29999
2003,Dec,Mon,M,31408
2003,Dec,Tue,F,32619
2003,Dec,Tue,M,33684
2003,Dec,Wed,F,29263
2003,Dec,Wed,M,30746
2003,Dec,Thu,F,21952
2003,Dec,Thu,M,22952
2003,Dec,Fri,F,23338
2003,Dec,Fri,M,24517
2003,Dec,Sat,F,16484
2003,Dec,Sat,M,17288
2004,Jan,Sun,F,14344
2004,Jan,Sun,M,14920
2004,Jan,Mon,F,22293
2004,Jan,Mon,M,23046
2004,Jan,Tue,F,24434
2004,Jan,Tue,M,25837
2004,Jan,Wed,F,24187
2004,Jan,Wed,M,25688
2004,Jan,Thu,F,28194
2004,Jan,Thu,M,29560
2004,Jan,Fri,F,29154
2004,Jan,Fri,M,30313
2004,Jan,Sat,F,20024
2004,Jan,Sat,M,21414
2004,Feb,Sun,F,18057
2004,Feb,Sun,M,18678
2004,Feb,Mon,F,22281
2004,Feb,Mon,M,23147
2004,Feb,Tue,F,24947
2004,Feb,Tue,M,26206
2004,Feb,Wed,F,24529
2004,Feb,Wed,M,25847
2004,Feb,Thu,F,24357
2004,Feb,Thu,M,25664
2004,Feb,Fri,F,23809
2004,Feb,Fri,M,24763
2004,Feb,Sat,F,16732
2004,Feb,Sat,M,17293
2004,Mar,Sun,F,14380
2004,Mar,Sun,M,15064
2004,Mar,Mon,F,28296
2004,Mar,Mon,M,30183
2004,Mar,Tue,F,30985
2004,Mar,Tue,M,32722
2004,Mar,Wed,F,30725
2004,Mar,Wed,M,31846
2004,Mar,Thu,F,24494
2004,Mar,Thu,M,25649
2004,Mar,Fri,F,23819
2004,Mar,Fri,M,25263
2004,Mar,Sat,F,16259
2004,Mar,Sat,M,17169
2004,Apr,Sun,F,14134
2004,Apr,Sun,M,14974
2004,Apr,Mon,F,22776
2004,Apr,Mon,M,24060
2004,Apr,Tue,F,24977
2004,Apr,Tue,M,26107
2004,Apr,Wed,F,24550
2004,Apr,Wed,M,25741
2004,Apr,Thu,F,30502
2004,Apr,Thu,M,31774
2004,Apr,Fri,F,29841
2004,Apr,Fri,M,31093
2004,Apr,Sat,F,16138
2004,Apr,Sat,M,17191
2004,May,Sun,F,18059
2004,May,Sun,M,19076
2004,May,Mon,F,26862
2004,May,Mon,M,28666
2004,May,Tue,F,25110
2004,May,Tue,M,26733
2004,May,Wed,F,24655
2004,May,Wed,M,25759
2004,May,Thu,F,24826
2004,May,Thu,M,26012
2004,May,Fri,F,24231
2004,May,Fri,M,25956
2004,May,Sat,F,20523
2004,May,Sat,M,21700
2004,Jun,Sun,F,14540
2004,Jun,Sun,M,15569
2004,Jun,Mon,F,23626
2004,Jun,Mon,M,24446
2004,Jun,Tue,F,31696
2004,Jun,Tue,M,33016
2004,Jun,Wed,F,31847
2004,Jun,Wed,M,33353
2004,Jun,Thu,F,25647
2004,Jun,Thu,M,26655
2004,Jun,Fri,F,24952
2004,Jun,Fri,M,25904
2004,Jun,Sat,F,16698
2004,Jun,Sat,M,17449
2004,Jul,Sun,F,14772
2004,Jul,Sun,M,15914
2004,Jul,Mon,F,22240
2004,Jul,Mon,M,23262
2004,Jul,Tue,F,25806
2004,Jul,Tue,M,27066
2004,Jul,Wed,F,26300
2004,Jul,Wed,M,27513
2004,Jul,Thu,F,32717
2004,Jul,Thu,M,34666
2004,Jul,Fri,F,32010
2004,Jul,Fri,M,33458
2004,Jul,Sat,F,21612
2004,Jul,Sat,M,22714
2004,Aug,Sun,F,18749
2004,Aug,Sun,M,20009
2004,Aug,Mon,F,29753
2004,Aug,Mon,M,30973
2004,Aug,Tue,F,32331
2004,Aug,Tue,M,33888
2004,Aug,Wed,F,25583
2004,Aug,Wed,M,26764
2004,Aug,Thu,F,25532
2004,Aug,Thu,M,26578
2004,Aug,Fri,F,24891
2004,Aug,Fri,M,25725
2004,Aug,Sat,F,17141
2004,Aug,Sat,M,18158
2004,Sep,Sun,F,15610
2004,Sep,Sun,M,16551
2004,Sep,Mon,F,22241
2004,Sep,Mon,M,23525
2004,Sep,Tue,F,26531
2004,Sep,Tue,M,27223
2004,Sep,Wed,F,32873
2004,Sep,Wed,M,34625
2004,Sep,Thu,F,32972
2004,Sep,Thu,M,34730
2004,Sep,Fri,F,26219
2004,Sep,Fri,M,27505
2004,Sep,Sat,F,17550
2004,Sep,Sat,M,18548
2004,Oct,Sun,F,18526
2004,Oct,Sun,M,19304
2004,Oct,Mon,F,23568
2004,Oct,Mon,M,24563
2004,Oct,Tue,F,26004
2004,Oct,Tue,M,26863
2004,Oct,Wed,F,25129
2004,Oct,Wed,M,26373
2004,Oct,Thu,F,25406
2004,Oct,Thu,M,26474
2004,Oct,Fri,F,31082
2004,Oct,Fri,M,32681
2004,Oct,Sat,F,21101
2004,Oct,Sat,M,22036
2004,Nov,Sun,F,14723
2004,Nov,Sun,M,15375
2004,Nov,Mon,F,30107
2004,Nov,Mon,M,31489
2004,Nov,Tue,F,32841
2004,Nov,Tue,M,34173
2004,Nov,Wed,F,24704
2004,Nov,Wed,M,25806
2004,Nov,Thu,F,22526
2004,Nov,Thu,M,23598
2004,Nov,Fri,F,23096
2004,Nov,Fri,M,24187
2004,Nov,Sat,F,16367
2004,Nov,Sat,M,17317
2004,Dec,Sun,F,14366
2004,Dec,Sun,M,15060
2004,Dec,Mon,F,23670
2004,Dec,Mon,M,25097
2004,Dec,Tue,F,26466
2004,Dec,Tue,M,27423
2004,Dec,Wed,F,32031
2004,Dec,Wed,M,33244
2004,Dec,Thu,F,30625
2004,Dec,Thu,M,31764
2004,Dec,Fri,F,27055
2004,Dec,Fri,M,28343
2004,Dec,Sat,F,15394
2004,Dec,Sat,M,16126
2005,Jan,Sun,F,17179
2005,Jan,Sun,M,18297
2005,Jan,Mon,F,27631
2005,Jan,Mon,M,28762
2005,Jan,Tue,F,24899
2005,Jan,Tue,M,25629
2005,Jan,Wed,F,24440
2005,Jan,Wed,M,25626
2005,Jan,Thu,F,24336
2005,Jan,Thu,M,25499
2005,Jan,Fri,F,24200
2005,Jan,Fri,M,25300
2005,Jan,Sat,F,19675
2005,Jan,Sat,M,20557
2005,Feb,Sun,F,14299
2005,Feb,Sun,M,15038
2005,Feb,Mon,F,22876
2005,Feb,Mon,M,23453
2005,Feb,Tue,F,24877
2005,Feb,Tue,M,26421
2005,Feb,Wed,F,24558
2005,Feb,Wed,M,25669
2005,Feb,Thu,F,24461
2005,Feb,Thu,M,25612
2005,Feb,Fri,F,24206
2005,Feb,Fri,M,25384
2005,Feb,Sat,F,16065
2005,Feb,Sat,M,17177
2005,Mar,Sun,F,13807
2005,Mar,Sun,M,14870
2005,Mar,Mon,F,22850
2005,Mar,Mon,M,24206
2005,Mar,Tue,F,31275
2005,Mar,Tue,M,33143
2005,Mar,Wed,F,30712
2005,Mar,Wed,M,32327
2005,Mar,Thu,F,31167
2005,Mar,Thu,M,32658
2005,Mar,Fri,F,24057
2005,Mar,Fri,M,25634
2005,Mar,Sat,F,16132
2005,Mar,Sat,M,17043
2005,Apr,Sun,F,13881
2005,Apr,Sun,M,14784
2005,Apr,Mon,F,23242
2005,Apr,Mon,M,24661
2005,Apr,Tue,F,25399
2005,Apr,Tue,M,26532
2005,Apr,Wed,F,24764
2005,Apr,Wed,M,26012
2005,Apr,Thu,F,24901
2005,Apr,Thu,M,26044
2005,Apr,Fri,F,29715
2005,Apr,Fri,M,31820
2005,Apr,Sat,F,20080
2005,Apr,Sat,M,21192
2005,May,Sun,F,17648
2005,May,Sun,M,18725
2005,May,Mon,F,27192
2005,May,Mon,M,28771
2005,May,Tue,F,31729
2005,May,Tue,M,33616
2005,May,Wed,F,25179
2005,May,Wed,M,26747
2005,May,Thu,F,26243
2005,May,Thu,M,27312
2005,May,Fri,F,24494
2005,May,Fri,M,25538
2005,May,Sat,F,16464
2005,May,Sat,M,17172
2005,Jun,Sun,F,14653
2005,Jun,Sun,M,15410
2005,Jun,Mon,F,23705
2005,Jun,Mon,M,24579
2005,Jun,Tue,F,26094
2005,Jun,Tue,M,27609
2005,Jun,Wed,F,32645
2005,Jun,Wed,M,34145
2005,Jun,Thu,F,32498
2005,Jun,Thu,M,34050
2005,Jun,Fri,F,25229
2005,Jun,Fri,M,26616
2005,Jun,Sat,F,16643
2005,Jun,Sat,M,17570
2005,Jul,Sun,F,18656
2005,Jul,Sun,M,19691
2005,Jul,Mon,F,21989
2005,Jul,Mon,M,23093
2005,Jul,Tue,F,26062
2005,Jul,Tue,M,27156
2005,Jul,Wed,F,26324
2005,Jul,Wed,M,27856
2005,Jul,Thu,F,27149
2005,Jul,Thu,M,28107
2005,Jul,Fri,F,32827
2005,Jul,Fri,M,34340
2005,Jul,Sat,F,21632
2005,Jul,Sat,M,22818
2005,Aug,Sun,F,15052
2005,Aug,Sun,M,15586
2005,Aug,Mon,F,30255
2005,Aug,Mon,M,31601
2005,Aug,Tue,F,33179
2005,Aug,Tue,M,34743
2005,Aug,Wed,F,32570
2005,Aug,Wed,M,34383
2005,Aug,Thu,F,26494
2005,Aug,Thu,M,27891
2005,Aug,Fri,F,25684
2005,Aug,Fri,M,27091
2005,Aug,Sat,F,17212
2005,Aug,Sat,M,18304
2005,Sep,Sun,F,15536
2005,Sep,Sun,M,16310
2005,Sep,Mon,F,22879
2005,Sep,Mon,M,24006
2005,Sep,Tue,F,26501
2005,Sep,Tue,M,28084
2005,Sep,Wed,F,27380
2005,Sep,Wed,M,28402
2005,Sep,Thu,F,34036
2005,Sep,Thu,M,35457
2005,Sep,Fri,F,33624
2005,Sep,Fri,M,35016
2005,Sep,Sat,F,18017
2005,Sep,Sat,M,18866
2005,Oct,Sun,F,18083
2005,Oct,Sun,M,19050
2005,Oct,Mon,F,28792
2005,Oct,Mon,M,29822
2005,Oct,Tue,F,25556
2005,Oct,Tue,M,26835
2005,Oct,Wed,F,25318
2005,Oct,Wed,M,26082
2005,Oct,Thu,F,25571
2005,Oct,Thu,M,26503
2005,Oct,Fri,F,24775
2005,Oct,Fri,M,25952
2005,Oct,Sat,F,20700
2005,Oct,Sat,M,22254
2005,Nov,Sun,F,14485
2005,Nov,Sun,M,14948
2005,Nov,Mon,F,24348
2005,Nov,Mon,M,25225
2005,Nov,Tue,F,33087
2005,Nov,Tue,M,34355
2005,Nov,Wed,F,31003
2005,Nov,Wed,M,32684
2005,Nov,Thu,F,22670
2005,Nov,Thu,M,23588
2005,Nov,Fri,F,22930
2005,Nov,Fri,M,24066
2005,Nov,Sat,F,16083
2005,Nov,Sat,M,16837
2005,Dec,Sun,F,13830
2005,Dec,Sun,M,14358
2005,Dec,Mon,F,22431
2005,Dec,Mon,M,23278
2005,Dec,Tue,F,25993
2005,Dec,Tue,M,27180
2005,Dec,Wed,F,26383
2005,Dec,Wed,M,27929
2005,Dec,Thu,F,32006
2005,Dec,Thu,M,33593
2005,Dec,Fri,F,29935
2005,Dec,Fri,M,31211
2005,Dec,Sat,F,19755
2005,Dec,Sat,M,20966
2006,Jan,Sun,F,17926
2006,Jan,Sun,M,18529
2006,Jan,Mon,F,26843
2006,Jan,Mon,M,28127
2006,Jan,Tue,F,30644
2006,Jan,Tue,M,32161
2006,Jan,Wed,F,24818
2006,Jan,Wed,M,26065
2006,Jan,Thu,F,25303
2006,Jan,Thu,M,26410
2006,Jan,Fri,F,24830
2006,Jan,Fri,M,25561
2006,Jan,Sat,F,16342
2006,Jan,Sat,M,17340
2006,Feb,Sun,F,14329
2006,Feb,Sun,M,15279
2006,Feb,Mon,F,23157
2006,Feb,Mon,M,23981
2006,Feb,Tue,F,25975
2006,Feb,Tue,M,26895
2006,Feb,Wed,F,25297
2006,Feb,Wed,M,26615
2006,Feb,Thu,F,25573
2006,Feb,Thu,M,26624
2006,Feb,Fri,F,25299
2006,Feb,Fri,M,26500
2006,Feb,Sat,F,16651
2006,Feb,Sat,M,17670
2006,Mar,Sun,F,14346
2006,Mar,Sun,M,15137
2006,Mar,Mon,F,23244
2006,Mar,Mon,M,24561
2006,Mar,Tue,F,25607
2006,Mar,Tue,M,26778
2006,Mar,Wed,F,31579
2006,Mar,Wed,M,33512
2006,Mar,Thu,F,31636
2006,Mar,Thu,M,33119
2006,Mar,Fri,F,30868
2006,Mar,Fri,M,32912
2006,Mar,Sat,F,16644
2006,Mar,Sat,M,17417
2006,Apr,Sun,F,17150
2006,Apr,Sun,M,18405
2006,Apr,Mon,F,23549
2006,Apr,Mon,M,24518
2006,Apr,Tue,F,25691
2006,Apr,Tue,M,26902
2006,Apr,Wed,F,25220
2006,Apr,Wed,M,26473
2006,Apr,Thu,F,25216
2006,Apr,Thu,M,26299
2006,Apr,Fri,F,24291
2006,Apr,Fri,M,25502
2006,Apr,Sat,F,19937
2006,Apr,Sat,M,21242
2006,May,Sun,F,14284
2006,May,Sun,M,15252
2006,May,Mon,F,27741
2006,May,Mon,M,29381
2006,May,Tue,F,32428
2006,May,Tue,M,33404
2006,May,Wed,F,32401
2006,May,Wed,M,33965
2006,May,Thu,F,25487
2006,May,Thu,M,26910
2006,May,Fri,F,24929
2006,May,Fri,M,26146
2006,May,Sat,F,16104
2006,May,Sat,M,17631
2006,Jun,Sun,F,14903
2006,Jun,Sun,M,15912
2006,Jun,Mon,F,24635
2006,Jun,Mon,M,25883
2006,Jun,Tue,F,25436
2006,Jun,Tue,M,26923
2006,Jun,Wed,F,26600
2006,Jun,Wed,M,27917
2006,Jun,Thu,F,33873
2006,Jun,Thu,M,35238
2006,Jun,Fri,F,32656
2006,Jun,Fri,M,34117
2006,Jun,Sat,F,16934
2006,Jun,Sat,M,17870
2006,Jul,Sun,F,19368
2006,Jul,Sun,M,20562
2006,Jul,Mon,F,31067
2006,Jul,Mon,M,32608
2006,Jul,Tue,F,25310
2006,Jul,Tue,M,26467
2006,Jul,Wed,F,26351
2006,Jul,Wed,M,27955
2006,Jul,Thu,F,27527
2006,Jul,Thu,M,29039
2006,Jul,Fri,F,27469
2006,Jul,Fri,M,28569
2006,Jul,Sat,F,22415
2006,Jul,Sat,M,23926
2006,Aug,Sun,F,15555
2006,Aug,Sun,M,16297
2006,Aug,Mon,F,25289
2006,Aug,Mon,M,27066
2006,Aug,Tue,F,34938
2006,Aug,Tue,M,36530
2006,Aug,Wed,F,34452
2006,Aug,Wed,M,35916
2006,Aug,Thu,F,34572
2006,Aug,Thu,M,35712
2006,Aug,Fri,F,26715
2006,Aug,Fri,M,28185
2006,Aug,Sat,F,18018
2006,Aug,Sat,M,19236
2006,Sep,Sun,F,16270
2006,Sep,Sun,M,17028
2006,Sep,Mon,F,23367
2006,Sep,Mon,M,24748
2006,Sep,Tue,F,28273
2006,Sep,Tue,M,29560
2006,Sep,Wed,F,28360
2006,Sep,Wed,M,30034
2006,Sep,Thu,F,28883
2006,Sep,Thu,M,29949
2006,Sep,Fri,F,35334
2006,Sep,Fri,M,36353
2006,Sep,Sat,F,23036
2006,Sep,Sat,M,24194
2006,Oct,Sun,F,19175
2006,Oct,Sun,M,20118
2006,Oct,Mon,F,30974
2006,Oct,Mon,M,32109
2006,Oct,Tue,F,33201
2006,Oct,Tue,M,35096
2006,Oct,Wed,F,26898
2006,Oct,Wed,M,28081
2006,Oct,Thu,F,27091
2006,Oct,Thu,M,27895
2006,Oct,Fri,F,25598
2006,Oct,Fri,M,26797
2006,Oct,Sat,F,17001
2006,Oct,Sat,M,18026
2006,Nov,Sun,F,14849
2006,Nov,Sun,M,15562
2006,Nov,Mon,F,25217
2006,Nov,Mon,M,26620
2006,Nov,Tue,F,27559
2006,Nov,Tue,M,28941
2006,Nov,Wed,F,33039
2006,Nov,Wed,M,34512
2006,Nov,Thu,F,30052
2006,Nov,Thu,M,31685
2006,Nov,Fri,F,24436
2006,Nov,Fri,M,25793
2006,Nov,Sat,F,16667
2006,Nov,Sat,M,17557
2006,Dec,Sun,F,17907
2006,Dec,Sun,M,18782
2006,Dec,Mon,F,22012
2006,Dec,Mon,M,22549
2006,Dec,Tue,F,25842
2006,Dec,Tue,M,27306
2006,Dec,Wed,F,27218
2006,Dec,Wed,M,28972
2006,Dec,Thu,F,27436
2006,Dec,Thu,M,28700
2006,Dec,Fri,F,32517
2006,Dec,Fri,M,33680
2006,Dec,Sat,F,21323
2006,Dec,Sat,M,22470
2007,Jan,Sun,F,14544
2007,Jan,Sun,M,15597
2007,Jan,Mon,F,27212
2007,Jan,Mon,M,28414
2007,Jan,Tue,F,31342
2007,Jan,Tue,M,32390
2007,Jan,Wed,F,32252
2007,Jan,Wed,M,33441
2007,Jan,Thu,F,26006
2007,Jan,Thu,M,27281
2007,Jan,Fri,F,25696
2007,Jan,Fri,M,26963
2007,Jan,Sat,F,16719
2007,Jan,Sat,M,17703
2007,Feb,Sun,F,15026
2007,Feb,Sun,M,15689
2007,Feb,Mon,F,23870
2007,Feb,Mon,M,25007
2007,Feb,Tue,F,25937
2007,Feb,Tue,M,27249
2007,Feb,Wed,F,25920
2007,Feb,Wed,M,27195
2007,Feb,Thu,F,26198
2007,Feb,Thu,M,27466
2007,Feb,Fri,F,25942
2007,Feb,Fri,M,26986
2007,Feb,Sat,F,16994
2007,Feb,Sat,M,17915
2007,Mar,Sun,F,14664
2007,Mar,Sun,M,15504
2007,Mar,Mon,F,23878
2007,Mar,Mon,M,25322
2007,Mar,Tue,F,26013
2007,Mar,Tue,M,27461
2007,Mar,Wed,F,26106
2007,Mar,Wed,M,27024
2007,Mar,Thu,F,32474
2007,Mar,Thu,M,34036
2007,Mar,Fri,F,32452
2007,Mar,Fri,M,33415
2007,Mar,Sat,F,20839
2007,Mar,Sat,M,22222
2007,Apr,Sun,F,17491
2007,Apr,Sun,M,18684
2007,Apr,Mon,F,29740
2007,Apr,Mon,M,31200
2007,Apr,Tue,F,25967
2007,Apr,Tue,M,27474
2007,Apr,Wed,F,26007
2007,Apr,Wed,M,27023
2007,Apr,Thu,F,25680
2007,Apr,Thu,M,26975
2007,Apr,Fri,F,24305
2007,Apr,Fri,M,25404
2007,Apr,Sat,F,15931
2007,Apr,Sat,M,16914
2007,May,Sun,F,14493
2007,May,Sun,M,15189
2007,May,Mon,F,21794
2007,May,Mon,M,23137
2007,May,Tue,F,33086
2007,May,Tue,M,34538
2007,May,Wed,F,32856
2007,May,Wed,M,34756
2007,May,Thu,F,32779
2007,May,Thu,M,34669
2007,May,Fri,F,25266
2007,May,Fri,M,26432
2007,May,Sat,F,16628
2007,May,Sat,M,17295
2007,Jun,Sun,F,14859
2007,Jun,Sun,M,15857
2007,Jun,Mon,F,24939
2007,Jun,Mon,M,26109
2007,Jun,Tue,F,27192
2007,Jun,Tue,M,28296
2007,Jun,Wed,F,26525
2007,Jun,Wed,M,28117
2007,Jun,Thu,F,26799
2007,Jun,Thu,M,28389
2007,Jun,Fri,F,32971
2007,Jun,Fri,M,34630
2007,Jun,Sat,F,21472
2007,Jun,Sat,M,23070
2007,Jul,Sun,F,19561
2007,Jul,Sun,M,20439
2007,Jul,Mon,F,32582
2007,Jul,Mon,M,34102
2007,Jul,Tue,F,35409
2007,Jul,Tue,M,37294
2007,Jul,Wed,F,25552
2007,Jul,Wed,M,26929
2007,Jul,Thu,F,26911
2007,Jul,Thu,M,28277
2007,Jul,Fri,F,26838
2007,Jul,Fri,M,28331
2007,Jul,Sat,F,18368
2007,Jul,Sat,M,19763
2007,Aug,Sun,F,15407
2007,Aug,Sun,M,16576
2007,Aug,Mon,F,25963
2007,Aug,Mon,M,26508
2007,Aug,Tue,F,28234
2007,Aug,Tue,M,29692
2007,Aug,Wed,F,35049
2007,Aug,Wed,M,36458
2007,Aug,Thu,F,34997
2007,Aug,Thu,M,36379
2007,Aug,Fri,F,34191
2007,Aug,Fri,M,35176
2007,Aug,Sat,F,17654
2007,Aug,Sat,M,18833
2007,Sep,Sun,F,19999
2007,Sep,Sun,M,20716
2007,Sep,Mon,F,23995
2007,Sep,Mon,M,24940
2007,Sep,Tue,F,27798
2007,Sep,Tue,M,28890
2007,Sep,Wed,F,28844
2007,Sep,Wed,M,29770
2007,Sep,Thu,F,28508
2007,Sep,Thu,M,29838
2007,Sep,Fri,F,27852
2007,Sep,Fri,M,29157
2007,Sep,Sat,F,23102
2007,Sep,Sat,M,24215
2007,Oct,Sun,F,14846
2007,Oct,Sun,M,15575
2007,Oct,Mon,F,31021
2007,Oct,Mon,M,32299
2007,Oct,Tue,F,33385
2007,Oct,Tue,M,34860
2007,Oct,Wed,F,32372
2007,Oct,Wed,M,33925
2007,Oct,Thu,F,26425
2007,Oct,Thu,M,27602
2007,Oct,Fri,F,25993
2007,Oct,Fri,M,27049
2007,Oct,Sat,F,16870
2007,Oct,Sat,M,17847
2007,Nov,Sun,F,15191
2007,Nov,Sun,M,15922
2007,Nov,Mon,F,25748
2007,Nov,Mon,M,26486
2007,Nov,Tue,F,27589
2007,Nov,Tue,M,28844
2007,Nov,Wed,F,26463
2007,Nov,Wed,M,27640
2007,Nov,Thu,F,30638
2007,Nov,Thu,M,31874
2007,Nov,Fri,F,31011
2007,Nov,Fri,M,32181
2007,Nov,Sat,F,16873
2007,Nov,Sat,M,17867
2007,Dec,Sun,F,18423
2007,Dec,Sun,M,19728
2007,Dec,Mon,F,27996
2007,Dec,Mon,M,28848
2007,Dec,Tue,F,23936
2007,Dec,Tue,M,24757
2007,Dec,Wed,F,26356
2007,Dec,Wed,M,27556
2007,Dec,Thu,F,27778
2007,Dec,Thu,M,29060
2007,Dec,Fri,F,27406
2007,Dec,Fri,M,28556
2007,Dec,Sat,F,21892
2007,Dec,Sat,M,22921
2008,Jan,Sun,F,14572
2008,Jan,Sun,M,15289
2008,Jan,Mon,F,23886
2008,Jan,Mon,M,24951
2008,Jan,Tue,F,29656
2008,Jan,Tue,M,30802
2008,Jan,Wed,F,31017
2008,Jan,Wed,M,32591
2008,Jan,Thu,F,32333
2008,Jan,Thu,M,34018
2008,Jan,Fri,F,26081
2008,Jan,Fri,M,27199
2008,Jan,Sat,F,16710
2008,Jan,Sat,M,17939
2008,Feb,Sun,F,14636
2008,Feb,Sun,M,15559
2008,Feb,Mon,F,24095
2008,Feb,Mon,M,25141
2008,Feb,Tue,F,26086
2008,Feb,Tue,M,27509
2008,Feb,Wed,F,25466
2008,Feb,Wed,M,26931
2008,Feb,Thu,F,26730
2008,Feb,Thu,M,27612
2008,Feb,Fri,F,31423
2008,Feb,Fri,M,32953
2008,Feb,Sat,F,17233
2008,Feb,Sat,M,17729
2008,Mar,Sun,F,17922
2008,Mar,Sun,M,18680
2008,Mar,Mon,F,30453
2008,Mar,Mon,M,31636
2008,Mar,Tue,F,26476
2008,Mar,Tue,M,27257
2008,Mar,Wed,F,25581
2008,Mar,Wed,M,26606
2008,Mar,Thu,F,25656
2008,Mar,Thu,M,26839
2008,Mar,Fri,F,24986
2008,Mar,Fri,M,26309
2008,Mar,Sat,F,20979
2008,Mar,Sat,M,21802
2008,Apr,Sun,F,14337
2008,Apr,Sun,M,15312
2008,Apr,Mon,F,23906
2008,Apr,Mon,M,24939
2008,Apr,Tue,F,31991
2008,Apr,Tue,M,33337
2008,Apr,Wed,F,31862
2008,Apr,Wed,M,33293
2008,Apr,Thu,F,25543
2008,Apr,Thu,M,26870
2008,Apr,Fri,F,25443
2008,Apr,Fri,M,26352
2008,Apr,Sat,F,16503
2008,Apr,Sat,M,17296
2008,May,Sun,F,14164
2008,May,Sun,M,15076
2008,May,Mon,F,21902
2008,May,Mon,M,23156
2008,May,Tue,F,25873
2008,May,Tue,M,27118
2008,May,Wed,F,26338
2008,May,Wed,M,27551
2008,May,Thu,F,32629
2008,May,Thu,M,34440
2008,May,Fri,F,31747
2008,May,Fri,M,33285
2008,May,Sat,F,20488
2008,May,Sat,M,21668
2008,Jun,Sun,F,18607
2008,Jun,Sun,M,19695
2008,Jun,Mon,F,30408
2008,Jun,Mon,M,32360
2008,Jun,Tue,F,26553
2008,Jun,Tue,M,27675
2008,Jun,Wed,F,26109
2008,Jun,Wed,M,27722
2008,Jun,Thu,F,26084
2008,Jun,Thu,M,27505
2008,Jun,Fri,F,25389
2008,Jun,Fri,M,26291
2008,Jun,Sat,F,16808
2008,Jun,Sat,M,18019
2008,Jul,Sun,F,15244
2008,Jul,Sun,M,15999
2008,Jul,Mon,F,25246
2008,Jul,Mon,M,26460
2008,Jul,Tue,F,34680
2008,Jul,Tue,M,36179
2008,Jul,Wed,F,33490
2008,Jul,Wed,M,35676
2008,Jul,Thu,F,33690
2008,Jul,Thu,M,35155
2008,Jul,Fri,F,24244
2008,Jul,Fri,M,25327
2008,Jul,Sat,F,16797
2008,Jul,Sat,M,17918
2008,Aug,Sun,F,19230
2008,Aug,Sun,M,20163
2008,Aug,Mon,F,25235
2008,Aug,Mon,M,26899
2008,Aug,Tue,F,27499
2008,Aug,Tue,M,28493
2008,Aug,Wed,F,26853
2008,Aug,Wed,M,28232
2008,Aug,Thu,F,27480
2008,Aug,Thu,M,28565
2008,Aug,Fri,F,34322
2008,Aug,Fri,M,35870
2008,Aug,Sat,F,22094
2008,Aug,Sat,M,23093
2008,Sep,Sun,F,15607
2008,Sep,Sun,M,16771
2008,Sep,Mon,F,29742
2008,Sep,Mon,M,30915
2008,Sep,Tue,F,34113
2008,Sep,Tue,M,35796
2008,Sep,Wed,F,27486
2008,Sep,Wed,M,29066
2008,Sep,Thu,F,27632
2008,Sep,Thu,M,28661
2008,Sep,Fri,F,27023
2008,Sep,Fri,M,28788
2008,Sep,Sat,F,18093
2008,Sep,Sat,M,18967
2008,Oct,Sun,F,14308
2008,Oct,Sun,M,15147
2008,Oct,Mon,F,23798
2008,Oct,Mon,M,24518
2008,Oct,Tue,F,26041
2008,Oct,Tue,M,27233
2008,Oct,Wed,F,32248
2008,Oct,Wed,M,33442
2008,Oct,Thu,F,31835
2008,Oct,Thu,M,33693
2008,Oct,Fri,F,30619
2008,Oct,Fri,M,31815
2008,Oct,Sat,F,16465
2008,Oct,Sat,M,17371
2008,Nov,Sun,F,17948
2008,Nov,Sun,M,18656
2008,Nov,Mon,F,24756
2008,Nov,Mon,M,25450
2008,Nov,Tue,F,25928
2008,Nov,Tue,M,27031
2008,Nov,Wed,F,24745
2008,Nov,Wed,M,25463
2008,Nov,Thu,F,22228
2008,Nov,Thu,M,23362
2008,Nov,Fri,F,23412
2008,Nov,Fri,M,24324
2008,Nov,Sat,F,19922
2008,Nov,Sat,M,21182
2008,Dec,Sun,F,14413
2008,Dec,Sun,M,15234
2008,Dec,Mon,F,31653
2008,Dec,Mon,M,32869
2008,Dec,Tue,F,33915
2008,Dec,Tue,M,35030
2008,Dec,Wed,F,29925
2008,Dec,Wed,M,31552
2008,Dec,Thu,F,22566
2008,Dec,Thu,M,23606
2008,Dec,Fri,F,24268
2008,Dec,Fri,M,25526
2008,Dec,Sat,F,16475
2008,Dec,Sat,M,17418
2009,Jan,Sun,F,14029
2009,Jan,Sun,M,14532
2009,Jan,Mon,F,23106
2009,Jan,Mon,M,24135
2009,Jan,Tue,F,24908
2009,Jan,Tue,M,26295
2009,Jan,Wed,F,24739
2009,Jan,Wed,M,26040
2009,Jan,Thu,F,28987
2009,Jan,Thu,M,30090
2009,Jan,Fri,F,29910
2009,Jan,Fri,M,30888
2009,Jan,Sat,F,20008
2009,Jan,Sat,M,20904
2009,Feb,Sun,F,14215
2009,Feb,Sun,M,14984
2009,Feb,Mon,F,23829
2009,Feb,Mon,M,24691
2009,Feb,Tue,F,25708
2009,Feb,Tue,M,26719
2009,Feb,Wed,F,25319
2009,Feb,Wed,M,26408
2009,Feb,Thu,F,25670
2009,Feb,Thu,M,26374
2009,Feb,Fri,F,24121
2009,Feb,Fri,M,25370
2009,Feb,Sat,F,16491
2009,Feb,Sat,M,17270
2009,Mar,Sun,F,17557
2009,Mar,Sun,M,18419
2009,Mar,Mon,F,29505
2009,Mar,Mon,M,31129
2009,Mar,Tue,F,32237
2009,Mar,Tue,M,33719
2009,Mar,Wed,F,25018
2009,Mar,Wed,M,26156
2009,Mar,Thu,F,24952
2009,Mar,Thu,M,26180
2009,Mar,Fri,F,24599
2009,Mar,Fri,M,25545
2009,Mar,Sat,F,16237
2009,Mar,Sat,M,17096
2009,Apr,Sun,F,13696
2009,Apr,Sun,M,14670
2009,Apr,Mon,F,23453
2009,Apr,Mon,M,24272
2009,Apr,Tue,F,25664
2009,Apr,Tue,M,27129
2009,Apr,Wed,F,30773
2009,Apr,Wed,M,32228
2009,Apr,Thu,F,31339
2009,Apr,Thu,M,32780
2009,Apr,Fri,F,24042
2009,Apr,Fri,M,25220
2009,Apr,Sat,F,15935
2009,Apr,Sat,M,16614
2009,May,Sun,F,17724
2009,May,Sun,M,18720
2009,May,Mon,F,21751
2009,May,Mon,M,22762
2009,May,Tue,F,25759
2009,May,Tue,M,27052
2009,May,Wed,F,25639
2009,May,Wed,M,27293
2009,May,Thu,F,25823
2009,May,Thu,M,27273
2009,May,Fri,F,31463
2009,May,Fri,M,32959
2009,May,Sat,F,20273
2009,May,Sat,M,21330
2009,Jun,Sun,F,14268
2009,Jun,Sun,M,15122
2009,Jun,Mon,F,30155
2009,Jun,Mon,M,31796
2009,Jun,Tue,F,32507
2009,Jun,Tue,M,34629
2009,Jun,Wed,F,25412
2009,Jun,Wed,M,26933
2009,Jun,Thu,F,25534
2009,Jun,Thu,M,26955
2009,Jun,Fri,F,24679
2009,Jun,Fri,M,25979
2009,Jun,Sat,F,16277
2009,Jun,Sat,M,17291
2009,Jul,Sun,F,14538
2009,Jul,Sun,M,15415
2009,Jul,Mon,F,24319
2009,Jul,Mon,M,25444
2009,Jul,Tue,F,27287
2009,Jul,Tue,M,28439
2009,Jul,Wed,F,33760
2009,Jul,Wed,M,35041
2009,Jul,Thu,F,33302
2009,Jul,Thu,M,34836
2009,Jul,Fri,F,30630
2009,Jul,Fri,M,32173
2009,Jul,Sat,F,16442
2009,Jul,Sat,M,17491
2009,Aug,Sun,F,18488
2009,Aug,Sun,M,19462
2009,Aug,Mon,F,30657
2009,Aug,Mon,M,32438
2009,Aug,Tue,F,26946
2009,Aug,Tue,M,28299
2009,Aug,Wed,F,26306
2009,Aug,Wed,M,27582
2009,Aug,Thu,F,26447
2009,Aug,Thu,M,27518
2009,Aug,Fri,F,25510
2009,Aug,Fri,M,27156
2009,Aug,Sat,F,21109
2009,Aug,Sat,M,22308
2009,Sep,Sun,F,15225
2009,Sep,Sun,M,15748
2009,Sep,Mon,F,23174
2009,Sep,Mon,M,23682
2009,Sep,Tue,F,33930
2009,Sep,Tue,M,35254
2009,Sep,Wed,F,34538
2009,Sep,Wed,M,35658
2009,Sep,Thu,F,27254
2009,Sep,Thu,M,28936
2009,Sep,Fri,F,26057
2009,Sep,Fri,M,27288
2009,Sep,Sat,F,17462
2009,Sep,Sat,M,18409
2009,Oct,Sun,F,13907
2009,Oct,Sun,M,14979
2009,Oct,Mon,F,23454
2009,Oct,Mon,M,24904
2009,Oct,Tue,F,25565
2009,Oct,Tue,M,26555
2009,Oct,Wed,F,24812
2009,Oct,Wed,M,26281
2009,Oct,Thu,F,31588
2009,Oct,Thu,M,33064
2009,Oct,Fri,F,30505
2009,Oct,Fri,M,31748
2009,Oct,Sat,F,19809
2009,Oct,Sat,M,21047
2009,Nov,Sun,F,17455
2009,Nov,Sun,M,18597
2009,Nov,Mon,F,29726
2009,Nov,Mon,M,31139
2009,Nov,Tue,F,25692
2009,Nov,Tue,M,26760
2009,Nov,Wed,F,24121
2009,Nov,Wed,M,25507
2009,Nov,Thu,F,21927
2009,Nov,Thu,M,22738
2009,Nov,Fri,F,22028
2009,Nov,Fri,M,23127
2009,Nov,Sat,F,15567
2009,Nov,Sat,M,16397
2009,Dec,Sun,F,13943
2009,Dec,Sun,M,14592
2009,Dec,Mon,F,24548
2009,Dec,Mon,M,25494
2009,Dec,Tue,F,33426
2009,Dec,Tue,M,34157
2009,Dec,Wed,F,30993
2009,Dec,Wed,M,32318
2009,Dec,Thu,F,28491
2009,Dec,Thu,M,29543
2009,Dec,Fri,F,20992
2009,Dec,Fri,M,21986
2009,Dec,Sat,F,15029
2009,Dec,Sat,M,16105
2010,Jan,Sun,F,16673
2010,Jan,Sun,M,17909
2010,Jan,Mon,F,22469
2010,Jan,Mon,M,23479
2010,Jan,Tue,F,24943
2010,Jan,Tue,M,25526
2010,Jan,Wed,F,24150
2010,Jan,Wed,M,24962
2010,Jan,Thu,F,24423
2010,Jan,Thu,M,25106
2010,Jan,Fri,F,27236
2010,Jan,Fri,M,28488
2010,Jan,Sat,F,18711
2010,Jan,Sat,M,19741
2010,Feb,Sun,F,13524
2010,Feb,Sun,M,14385
2010,Feb,Mon,F,22460
2010,Feb,Mon,M,23526
2010,Feb,Tue,F,24266
2010,Feb,Tue,M,25559
2010,Feb,Wed,F,24000
2010,Feb,Wed,M,25360
2010,Feb,Thu,F,24224
2010,Feb,Thu,M,25094
2010,Feb,Fri,F,23585
2010,Feb,Fri,M,24907
2010,Feb,Sat,F,15451
2010,Feb,Sat,M,16210
2010,Mar,Sun,F,13319
2010,Mar,Sun,M,14068
2010,Mar,Mon,F,28355
2010,Mar,Mon,M,29454
2010,Mar,Tue,F,30925
2010,Mar,Tue,M,32164
2010,Mar,Wed,F,30474
2010,Mar,Wed,M,31694
2010,Mar,Thu,F,23950
2010,Mar,Thu,M,25112
2010,Mar,Fri,F,23609
2010,Mar,Fri,M,24633
2010,Mar,Sat,F,15186
2010,Mar,Sat,M,16276
2010,Apr,Sun,F,13282
2010,Apr,Sun,M,14093
2010,Apr,Mon,F,22907
2010,Apr,Mon,M,24002
2010,Apr,Tue,F,24748
2010,Apr,Tue,M,25636
2010,Apr,Wed,F,23885
2010,Apr,Wed,M,25435
2010,Apr,Thu,F,29868
2010,Apr,Thu,M,31264
2010,Apr,Fri,F,28861
2010,Apr,Fri,M,30306
2010,Apr,Sat,F,15153
2010,Apr,Sat,M,16142
2010,May,Sun,F,16969
2010,May,Sun,M,17776
2010,May,Mon,F,26778
2010,May,Mon,M,28159
2010,May,Tue,F,24876
2010,May,Tue,M,26290
2010,May,Wed,F,24571
2010,May,Wed,M,25558
2010,May,Thu,F,24277
2010,May,Thu,M,25461
2010,May,Fri,F,23633
2010,May,Fri,M,24937
2010,May,Sat,F,19387
2010,May,Sat,M,20288
2010,Jun,Sun,F,13810
2010,Jun,Sun,M,14713
2010,Jun,Mon,F,22960
2010,Jun,Mon,M,24469
2010,Jun,Tue,F,30933
2010,Jun,Tue,M,32365
2010,Jun,Wed,F,30971
2010,Jun,Wed,M,32690
2010,Jun,Thu,F,24897
2010,Jun,Thu,M,25980
2010,Jun,Fri,F,23995
2010,Jun,Fri,M,24990
2010,Jun,Sat,F,15836
2010,Jun,Sat,M,16571
2010,Jul,Sun,F,14311
2010,Jul,Sun,M,14861
2010,Jul,Mon,F,21701
2010,Jul,Mon,M,22877
2010,Jul,Tue,F,25087
2010,Jul,Tue,M,26318
2010,Jul,Wed,F,25542
2010,Jul,Wed,M,26759
2010,Jul,Thu,F,31517
2010,Jul,Thu,M,33289
2010,Jul,Fri,F,30543
2010,Jul,Fri,M,31815
2010,Jul,Sat,F,20153
2010,Jul,Sat,M,21102
2010,Aug,Sun,F,17958
2010,Aug,Sun,M,18775
2010,Aug,Mon,F,29937
2010,Aug,Mon,M,31256
2010,Aug,Tue,F,32216
2010,Aug,Tue,M,33486
2010,Aug,Wed,F,25263
2010,Aug,Wed,M,26380
2010,Aug,Thu,F,25185
2010,Aug,Thu,M,26436
2010,Aug,Fri,F,24377
2010,Aug,Fri,M,25528
2010,Aug,Sat,F,16308
2010,Aug,Sat,M,17368
2010,Sep,Sun,F,14728
2010,Sep,Sun,M,15798
2010,Sep,Mon,F,22405
2010,Sep,Mon,M,23082
2010,Sep,Tue,F,25963
2010,Sep,Tue,M,27337
2010,Sep,Wed,F,32595
2010,Sep,Wed,M,34627
2010,Sep,Thu,F,32947
2010,Sep,Thu,M,34462
2010,Sep,Fri,F,26032
2010,Sep,Fri,M,26814
2010,Sep,Sat,F,16833
2010,Sep,Sat,M,17816
2010,Oct,Sun,F,18046
2010,Oct,Sun,M,18824
2010,Oct,Mon,F,23304
2010,Oct,Mon,M,24588
2010,Oct,Tue,F,25130
2010,Oct,Tue,M,26024
2010,Oct,Wed,F,24312
2010,Oct,Wed,M,25465
2010,Oct,Thu,F,24489
2010,Oct,Thu,M,25575
2010,Oct,Fri,F,29977
2010,Oct,Fri,M,31391
2010,Oct,Sat,F,19523
2010,Oct,Sat,M,20829
2010,Nov,Sun,F,13902
2010,Nov,Sun,M,14697
2010,Nov,Mon,F,29821
2010,Nov,Mon,M,31275
2010,Nov,Tue,F,31931
2010,Nov,Tue,M,33397
2010,Nov,Wed,F,23966
2010,Nov,Wed,M,25236
2010,Nov,Thu,F,22174
2010,Nov,Thu,M,23077
2010,Nov,Fri,F,22195
2010,Nov,Fri,M,23179
2010,Nov,Sat,F,15592
2010,Nov,Sat,M,16426
2010,Dec,Sun,F,13565
2010,Dec,Sun,M,14485
2010,Dec,Mon,F,23556
2010,Dec,Mon,M,24738
2010,Dec,Tue,F,25865
2010,Dec,Tue,M,26910
2010,Dec,Wed,F,31210
2010,Dec,Wed,M,32780
2010,Dec,Thu,F,30378
2010,Dec,Thu,M,31702
2010,Dec,Fri,F,26352
2010,Dec,Fri,M,27778
2010,Dec,Sat,F,14788
2010,Dec,Sat,M,15558
2011,Jan,Sun,F,16602
2011,Jan,Sun,M,17519
2011,Jan,Mon,F,27285
2011,Jan,Mon,M,28358
2011,Jan,Tue,F,24507
2011,Jan,Tue,M,25556
2011,Jan,Wed,F,23520
2011,Jan,Wed,M,24135
2011,Jan,Thu,F,23286
2011,Jan,Thu,M,24565
2011,Jan,Fri,F,23143
2011,Jan,Fri,M,24303
2011,Jan,Sat,F,18539
2011,Jan,Sat,M,19786
2011,Feb,Sun,F,13413
2011,Feb,Sun,M,14402
2011,Feb,Mon,F,22080
2011,Feb,Mon,M,23283
2011,Feb,Tue,F,24460
2011,Feb,Tue,M,25584
2011,Feb,Wed,F,23376
2011,Feb,Wed,M,24374
2011,Feb,Thu,F,23449
2011,Feb,Thu,M,24518
2011,Feb,Fri,F,23344
2011,Feb,Fri,M,24388
2011,Feb,Sat,F,15588
2011,Feb,Sat,M,16278
2011,Mar,Sun,F,13263
2011,Mar,Sun,M,13930
2011,Mar,Mon,F,22308
2011,Mar,Mon,M,23245
2011,Mar,Tue,F,29717
2011,Mar,Tue,M,31209
2011,Mar,Wed,F,28973
2011,Mar,Wed,M,30455
2011,Mar,Thu,F,29430
2011,Mar,Thu,M,30398
2011,Mar,Fri,F,22809
2011,Mar,Fri,M,24038
2011,Mar,Sat,F,14951
2011,Mar,Sat,M,16026
2011,Apr,Sun,F,13159
2011,Apr,Sun,M,14062
2011,Apr,Mon,F,22657
2011,Apr,Mon,M,23395
2011,Apr,Tue,F,24002
2011,Apr,Tue,M,25194
2011,Apr,Wed,F,23005
2011,Apr,Wed,M,24095
2011,Apr,Thu,F,23709
2011,Apr,Thu,M,24900
2011,Apr,Fri,F,27904
2011,Apr,Fri,M,29232
2011,Apr,Sat,F,18554
2011,Apr,Sat,M,20007
2011,May,Sun,F,16942
2011,May,Sun,M,18170
2011,May,Mon,F,26158
2011,May,Mon,M,27601
2011,May,Tue,F,30139
2011,May,Tue,M,31849
2011,May,Wed,F,23928
2011,May,Wed,M,24959
2011,May,Thu,F,23747
2011,May,Thu,M,25023
2011,May,Fri,F,22765
2011,May,Fri,M,24145
2011,May,Sat,F,15500
2011,May,Sat,M,16316
2011,Jun,Sun,F,13904
2011,Jun,Sun,M,14910
2011,Jun,Mon,F,23089
2011,Jun,Mon,M,24438
2011,Jun,Tue,F,24775
2011,Jun,Tue,M,26398
2011,Jun,Wed,F,31032
2011,Jun,Wed,M,32885
2011,Jun,Thu,F,31214
2011,Jun,Thu,M,32725
2011,Jun,Fri,F,24185
2011,Jun,Fri,M,25230
2011,Jun,Sat,F,16027
2011,Jun,Sat,M,17078
2011,Jul,Sun,F,18119
2011,Jul,Sun,M,19140
2011,Jul,Mon,F,21575
2011,Jul,Mon,M,22740
2011,Jul,Tue,F,25469
2011,Jul,Tue,M,26419
2011,Jul,Wed,F,25401
2011,Jul,Wed,M,26951
2011,Jul,Thu,F,26039
2011,Jul,Thu,M,27302
2011,Jul,Fri,F,31495
2011,Jul,Fri,M,32953
2011,Jul,Sat,F,20642
2011,Jul,Sat,M,21947
2011,Aug,Sun,F,14495
2011,Aug,Sun,M,15503
2011,Aug,Mon,F,30033
2011,Aug,Mon,M,31673
2011,Aug,Tue,F,32438
2011,Aug,Tue,M,34017
2011,Aug,Wed,F,31696
2011,Aug,Wed,M,33302
2011,Aug,Thu,F,25509
2011,Aug,Thu,M,26268
2011,Aug,Fri,F,25017
2011,Aug,Fri,M,26087
2011,Aug,Sat,F,16553
2011,Aug,Sat,M,17488
2011,Sep,Sun,F,14400
2011,Sep,Sun,M,15594
2011,Sep,Mon,F,22256
2011,Sep,Mon,M,23320
2011,Sep,Tue,F,25723
2011,Sep,Tue,M,26701
2011,Sep,Wed,F,25827
2011,Sep,Wed,M,27037
2011,Sep,Thu,F,32188
2011,Sep,Thu,M,33754
2011,Sep,Fri,F,31534
2011,Sep,Fri,M,33201
2011,Sep,Sat,F,17045
2011,Sep,Sat,M,17674
2011,Oct,Sun,F,17354
2011,Oct,Sun,M,18075
2011,Oct,Mon,F,27726
2011,Oct,Mon,M,29116
2011,Oct,Tue,F,24937
2011,Oct,Tue,M,25615
2011,Oct,Wed,F,24277
2011,Oct,Wed,M,24981
2011,Oct,Thu,F,24241
2011,Oct,Thu,M,25057
2011,Oct,Fri,F,23475
2011,Oct,Fri,M,24180
2011,Oct,Sat,F,19465
2011,Oct,Sat,M,20675
2011,Nov,Sun,F,13678
2011,Nov,Sun,M,14331
2011,Nov,Mon,F,23387
2011,Nov,Mon,M,24485
2011,Nov,Tue,F,31517
2011,Nov,Tue,M,32748
2011,Nov,Wed,F,29338
2011,Nov,Wed,M,31155
2011,Nov,Thu,F,21030
2011,Nov,Thu,M,22147
2011,Nov,Fri,F,22949
2011,Nov,Fri,M,23929
2011,Nov,Sat,F,15307
2011,Nov,Sat,M,16134
2011,Dec,Sun,F,12663
2011,Dec,Sun,M,13501
2011,Dec,Mon,F,21675
2011,Dec,Mon,M,22185
2011,Dec,Tue,F,24706
2011,Dec,Tue,M,25666
2011,Dec,Wed,F,24867
2011,Dec,Wed,M,25702
2011,Dec,Thu,F,30129
2011,Dec,Thu,M,31573
2011,Dec,Fri,F,28140
2011,Dec,Fri,M,29281
2011,Dec,Sat,F,18511
2011,Dec,Sat,M,19387
2012,Jan,Sun,F,16356
2012,Jan,Sun,M,17393
2012,Jan,Mon,F,25262
2012,Jan,Mon,M,26657
2012,Jan,Tue,F,28671
2012,Jan,Tue,M,30174
2012,Jan,Wed,F,23148
2012,Jan,Wed,M,23727
2012,Jan,Thu,F,23571
2012,Jan,Thu,M,24413
2012,Jan,Fri,F,22725
2012,Jan,Fri,M,23659
2012,Jan,Sat,F,15239
2012,Jan,Sat,M,15964
2012,Feb,Sun,F,13104
2012,Feb,Sun,M,14098
2012,Feb,Mon,F,21483
2012,Feb,Mon,M,22649
2012,Feb,Tue,F,24117
2012,Feb,Tue,M,24611
2012,Feb,Wed,F,28749
2012,Feb,Wed,M,30106
2012,Feb,Thu,F,23556
2012,Feb,Thu,M,24325
2012,Feb,Fri,F,23085
2012,Feb,Fri,M,24014
2012,Feb,Sat,F,15106
2012,Feb,Sat,M,16057
2012,Mar,Sun,F,13175
2012,Mar,Sun,M,14005
2012,Mar,Mon,F,22372
2012,Mar,Mon,M,23187
2012,Mar,Tue,F,23484
2012,Mar,Tue,M,24346
2012,Mar,Wed,F,22868
2012,Mar,Wed,M,24421
2012,Mar,Thu,F,29232
2012,Mar,Thu,M,30294
2012,Mar,Fri,F,28352
2012,Mar,Fri,M,29941
2012,Mar,Sat,F,19023
2012,Mar,Sat,M,20244
2012,Apr,Sun,F,16398
2012,Apr,Sun,M,17337
2012,Apr,Mon,F,27631
2012,Apr,Mon,M,28943
2012,Apr,Tue,F,23649
2012,Apr,Tue,M,24640
2012,Apr,Wed,F,22931
2012,Apr,Wed,M,24065
2012,Apr,Thu,F,23112
2012,Apr,Thu,M,23984
2012,Apr,Fri,F,21670
2012,Apr,Fri,M,22651
2012,Apr,Sat,F,14581
2012,Apr,Sat,M,15670
2012,May,Sun,F,13473
2012,May,Sun,M,14364
2012,May,Mon,F,20493
2012,May,Mon,M,21753
2012,May,Tue,F,30071
2012,May,Tue,M,31370
2012,May,Wed,F,29870
2012,May,Wed,M,31291
2012,May,Thu,F,29333
2012,May,Thu,M,30895
2012,May,Fri,F,22662
2012,May,Fri,M,24141
2012,May,Sat,F,15069
2012,May,Sat,M,15994
2012,Jun,Sun,F,13900
2012,Jun,Sun,M,14686
2012,Jun,Mon,F,23155
2012,Jun,Mon,M,24286
2012,Jun,Tue,F,24762
2012,Jun,Tue,M,25661
2012,Jun,Wed,F,23954
2012,Jun,Wed,M,25137
2012,Jun,Thu,F,24560
2012,Jun,Thu,M,25641
2012,Jun,Fri,F,29908
2012,Jun,Fri,M,31385
2012,Jun,Sat,F,19840
2012,Jun,Sat,M,20936
2012,Jul,Sun,F,18171
2012,Jul,Sun,M,19310
2012,Jul,Mon,F,30188
2012,Jul,Mon,M,31389
2012,Jul,Tue,F,32494
2012,Jul,Tue,M,33876
2012,Jul,Wed,F,23137
2012,Jul,Wed,M,24599
2012,Jul,Thu,F,24754
2012,Jul,Thu,M,26024
2012,Jul,Fri,F,24225
2012,Jul,Fri,M,25483
2012,Jul,Sat,F,16627
2012,Jul,Sat,M,17880
2012,Aug,Sun,F,14778
2012,Aug,Sun,M,15671
2012,Aug,Mon,F,24196
2012,Aug,Mon,M,25261
2012,Aug,Tue,F,26066
2012,Aug,Tue,M,27286
2012,Aug,Wed,F,31750
2012,Aug,Wed,M,32925
2012,Aug,Thu,F,31866
2012,Aug,Thu,M,33232
2012,Aug,Fri,F,31767
2012,Aug,Fri,M,32603
2012,Aug,Sat,F,16750
2012,Aug,Sat,M,17751
2012,Sep,Sun,F,18868
2012,Sep,Sun,M,20102
2012,Sep,Mon,F,22614
2012,Sep,Mon,M,23531
2012,Sep,Tue,F,25389
2012,Sep,Tue,M,26595
2012,Sep,Wed,F,26294
2012,Sep,Wed,M,27287
2012,Sep,Thu,F,26118
2012,Sep,Thu,M,27150
2012,Sep,Fri,F,25783
2012,Sep,Fri,M,26857
2012,Sep,Sat,F,21409
2012,Sep,Sat,M,22904
2012,Oct,Sun,F,14214
2012,Oct,Sun,M,15023
2012,Oct,Mon,F,29641
2012,Oct,Mon,M,30516
2012,Oct,Tue,F,30923
2012,Oct,Tue,M,32021
2012,Oct,Wed,F,29872
2012,Oct,Wed,M,31184
2012,Oct,Thu,F,25052
2012,Oct,Thu,M,26286
2012,Oct,Fri,F,23810
2012,Oct,Fri,M,24947
2012,Oct,Sat,F,16055
2012,Oct,Sat,M,16707
2012,Nov,Sun,F,14158
2012,Nov,Sun,M,14861
2012,Nov,Mon,F,23934
2012,Nov,Mon,M,24798
2012,Nov,Tue,F,25153
2012,Nov,Tue,M,26053
2012,Nov,Wed,F,24194
2012,Nov,Wed,M,25134
2012,Nov,Thu,F,28143
2012,Nov,Thu,M,29162
2012,Nov,Fri,F,28359
2012,Nov,Fri,M,29563
2012,Nov,Sat,F,15936
2012,Nov,Sat,M,16362
2012,Dec,Sun,F,17390
2012,Dec,Sun,M,18121
2012,Dec,Mon,F,25985
2012,Dec,Mon,M,27054
2012,Dec,Tue,F,21412
2012,Dec,Tue,M,22516
2012,Dec,Wed,F,24601
2012,Dec,Wed,M,25898
2012,Dec,Thu,F,24807
2012,Dec,Thu,M,25779
2012,Dec,Fri,F,24617
2012,Dec,Fri,M,25473
2012,Dec,Sat,F,20028
2012,Dec,Sat,M,21279
2013,Jan,Sun,F,13665
2013,Jan,Sun,M,14513
2013,Jan,Mon,F,21877
2013,Jan,Mon,M,22928
2013,Jan,Tue,F,26863
2013,Jan,Tue,M,28096
2013,Jan,Wed,F,28062
2013,Jan,Wed,M,29094
2013,Jan,Thu,F,29512
2013,Jan,Thu,M,30235
2013,Jan,Fri,F,23389
2013,Jan,Fri,M,24096
2013,Jan,Sat,F,15533
2013,Jan,Sat,M,16451
2013,Feb,Sun,F,13317
2013,Feb,Sun,M,14140
2013,Feb,Mon,F,21958
2013,Feb,Mon,M,22602
2013,Feb,Tue,F,23546
2013,Feb,Tue,M,24473
2013,Feb,Wed,F,22595
2013,Feb,Wed,M,23768
2013,Feb,Thu,F,23513
2013,Feb,Thu,M,23980
2013,Feb,Fri,F,22985
2013,Feb,Fri,M,24217
2013,Feb,Sat,F,15090
2013,Feb,Sat,M,16176
2013,Mar,Sun,F,16711
2013,Mar,Sun,M,17660
2013,Mar,Mon,F,22510
2013,Mar,Mon,M,23788
2013,Mar,Tue,F,23339
2013,Mar,Tue,M,24695
2013,Mar,Wed,F,23245
2013,Mar,Wed,M,24229
2013,Mar,Thu,F,23160
2013,Mar,Thu,M,24328
2013,Mar,Fri,F,28327
2013,Mar,Fri,M,29940
2013,Mar,Sat,F,19026
2013,Mar,Sat,M,20208
2013,Apr,Sun,F,13079
2013,Apr,Sun,M,14038
2013,Apr,Mon,F,27305
2013,Apr,Mon,M,28088
2013,Apr,Tue,F,29040
2013,Apr,Tue,M,30787
2013,Apr,Wed,F,22636
2013,Apr,Wed,M,23995
2013,Apr,Thu,F,22781
2013,Apr,Thu,M,23892
2013,Apr,Fri,F,22512
2013,Apr,Fri,M,23447
2013,Apr,Sat,F,14804
2013,Apr,Sat,M,15870
2013,May,Sun,F,13425
2013,May,Sun,M,14063
2013,May,Mon,F,20408
2013,May,Mon,M,21189
2013,May,Tue,F,24217
2013,May,Tue,M,25054
2013,May,Wed,F,29633
2013,May,Wed,M,31129
2013,May,Thu,F,29518
2013,May,Thu,M,30867
2013,May,Fri,F,28886
2013,May,Fri,M,30564
2013,May,Sat,F,15169
2013,May,Sat,M,16071
2013,Jun,Sun,F,17364
2013,Jun,Sun,M,18782
2013,Jun,Mon,F,23110
2013,Jun,Mon,M,24268
2013,Jun,Tue,F,24153
2013,Jun,Tue,M,25575
2013,Jun,Wed,F,23726
2013,Jun,Wed,M,24886
2013,Jun,Thu,F,23739
2013,Jun,Thu,M,25042
2013,Jun,Fri,F,23649
2013,Jun,Fri,M,24983
2013,Jun,Sat,F,19970
2013,Jun,Sat,M,21228
2013,Jul,Sun,F,14415
2013,Jul,Sun,M,15536
2013,Jul,Mon,F,30185
2013,Jul,Mon,M,31534
2013,Jul,Tue,F,31922
2013,Jul,Tue,M,33655
2013,Jul,Wed,F,31135
2013,Jul,Wed,M,32748
2013,Jul,Thu,F,22825
2013,Jul,Thu,M,24224
2013,Jul,Fri,F,23767
2013,Jul,Fri,M,24486
2013,Jul,Sat,F,16319
2013,Jul,Sat,M,17169
2013,Aug,Sun,F,14678
2013,Aug,Sun,M,15847
2013,Aug,Mon,F,23965
2013,Aug,Mon,M,25199
2013,Aug,Tue,F,25418
2013,Aug,Tue,M,26358
2013,Aug,Wed,F,25276
2013,Aug,Wed,M,26419
2013,Aug,Thu,F,31684
2013,Aug,Thu,M,32800
2013,Aug,Fri,F,31062
2013,Aug,Fri,M,32152
2013,Aug,Sat,F,20956
2013,Aug,Sat,M,22479
2013,Sep,Sun,F,18793
2013,Sep,Sun,M,19651
2013,Sep,Mon,F,28250
2013,Sep,Mon,M,29457
2013,Sep,Tue,F,25798
2013,Sep,Tue,M,26726
2013,Sep,Wed,F,25265
2013,Sep,Wed,M,26287
2013,Sep,Thu,F,25884
2013,Sep,Thu,M,26840
2013,Sep,Fri,F,24889
2013,Sep,Fri,M,25994
2013,Sep,Sat,F,17072
2013,Sep,Sat,M,17957
2013,Oct,Sun,F,13956
2013,Oct,Sun,M,14795
2013,Oct,Mon,F,23120
2013,Oct,Mon,M,24000
2013,Oct,Tue,F,30795
2013,Oct,Tue,M,32051
2013,Oct,Wed,F,29542
2013,Oct,Wed,M,31042
2013,Oct,Thu,F,29652
2013,Oct,Thu,M,30940
2013,Oct,Fri,F,23863
2013,Oct,Fri,M,24841
2013,Oct,Sat,F,15992
2013,Oct,Sat,M,16764
2013,Nov,Sun,F,14043
2013,Nov,Sun,M,15131
2013,Nov,Mon,F,23352
2013,Nov,Mon,M,24560
2013,Nov,Tue,F,25213
2013,Nov,Tue,M,26343
2013,Nov,Wed,F,23396
2013,Nov,Wed,M,24554
2013,Nov,Thu,F,21557
2013,Nov,Thu,M,22486
2013,Nov,Fri,F,28408
2013,Nov,Fri,M,29600
2013,Nov,Sat,F,19529
2013,Nov,Sat,M,21061
2013,Dec,Sun,F,18046
2013,Dec,Sun,M,19056
2013,Dec,Mon,F,29876
2013,Dec,Mon,M,31364
2013,Dec,Tue,F,29352
2013,Dec,Tue,M,30975
2013,Dec,Wed,F,21892
2013,Dec,Wed,M,22702
2013,Dec,Thu,F,23951
2013,Dec,Thu,M,25209
2013,Dec,Fri,F,24407
2013,Dec,Fri,M,25346
2013,Dec,Sat,F,16543
2013,Dec,Sat,M,17601
2014,Jan,Sun,F,13945
2014,Jan,Sun,M,14702
2014,Jan,Mon,F,22212
2014,Jan,Mon,M,23024
2014,Jan,Tue,F,23747
2014,Jan,Tue,M,24771
2014,Jan,Wed,F,26268
2014,Jan,Wed,M,28177
2014,Jan,Thu,F,28525
2014,Jan,Thu,M,29571
2014,Jan,Fri,F,29030
2014,Jan,Fri,M,30440
2014,Jan,Sat,F,15902
2014,Jan,Sat,M,16840
2014,Feb,Sun,F,13803
2014,Feb,Sun,M,14757
2014,Feb,Mon,F,22561
2014,Feb,Mon,M,23597
2014,Feb,Tue,F,23763
2014,Feb,Tue,M,25277
2014,Feb,Wed,F,23251
2014,Feb,Wed,M,24267
2014,Feb,Thu,F,22992
2014,Feb,Thu,M,23926
2014,Feb,Fri,F,23616
2014,Feb,Fri,M,24533
2014,Feb,Sat,F,16023
2014,Feb,Sat,M,16721
2014,Mar,Sun,F,17124
2014,Mar,Sun,M,18170
2014,Mar,Mon,F,28230
2014,Mar,Mon,M,29773
2014,Mar,Tue,F,23453
2014,Mar,Tue,M,24902
2014,Mar,Wed,F,23013
2014,Mar,Wed,M,24152
2014,Mar,Thu,F,23294
2014,Mar,Thu,M,24216
2014,Mar,Fri,F,23340
2014,Mar,Fri,M,24006
2014,Mar,Sat,F,19889
2014,Mar,Sat,M,20755
2014,Apr,Sun,F,13515
2014,Apr,Sun,M,14644
2014,Apr,Mon,F,22585
2014,Apr,Mon,M,23814
2014,Apr,Tue,F,29147
2014,Apr,Tue,M,31073
2014,Apr,Wed,F,28691
2014,Apr,Wed,M,30231
2014,Apr,Thu,F,23504
2014,Apr,Thu,M,24431
2014,Apr,Fri,F,22693
2014,Apr,Fri,M,23945
2014,Apr,Sat,F,15423
2014,Apr,Sat,M,16092
2014,May,Sun,F,13867
2014,May,Sun,M,15044
2014,May,Mon,F,20735
2014,May,Mon,M,22185
2014,May,Tue,F,24292
2014,May,Tue,M,25295
2014,May,Wed,F,24244
2014,May,Wed,M,25780
2014,May,Thu,F,30249
2014,May,Thu,M,31888
2014,May,Fri,F,29730
2014,May,Fri,M,31022
2014,May,Sat,F,20039
2014,May,Sat,M,21074
2014,Jun,Sun,F,18005
2014,Jun,Sun,M,19241
2014,Jun,Mon,F,29094
2014,Jun,Mon,M,30717
2014,Jun,Tue,F,24413
2014,Jun,Tue,M,25412
2014,Jun,Wed,F,24162
2014,Jun,Wed,M,25059
2014,Jun,Thu,F,23904
2014,Jun,Thu,M,25475
2014,Jun,Fri,F,23594
2014,Jun,Fri,M,24534
2014,Jun,Sat,F,16044
2014,Jun,Sat,M,17103
2014,Jul,Sun,F,14903
2014,Jul,Sun,M,15672
2014,Jul,Mon,F,24654
2014,Jul,Mon,M,25659
2014,Jul,Tue,F,32525
2014,Jul,Tue,M,33941
2014,Jul,Wed,F,31222
2014,Jul,Wed,M,32574
2014,Jul,Thu,F,31424
2014,Jul,Thu,M,32957
2014,Jul,Fri,F,22804
2014,Jul,Fri,M,24173
2014,Jul,Sat,F,16555
2014,Jul,Sat,M,17383
2014,Aug,Sun,F,18708
2014,Aug,Sun,M,20058
2014,Aug,Mon,F,24374
2014,Aug,Mon,M,25478
2014,Aug,Tue,F,26050
2014,Aug,Tue,M,26997
2014,Aug,Wed,F,25275
2014,Aug,Wed,M,26530
2014,Aug,Thu,F,25824
2014,Aug,Thu,M,26807
2014,Aug,Fri,F,31510
2014,Aug,Fri,M,33061
2014,Aug,Sat,F,21712
2014,Aug,Sat,M,22817
2014,Sep,Sun,F,15413
2014,Sep,Sun,M,16130
2014,Sep,Mon,F,28809
2014,Sep,Mon,M,29940
2014,Sep,Tue,F,32278
2014,Sep,Tue,M,33892
2014,Sep,Wed,F,25988
2014,Sep,Wed,M,27214
2014,Sep,Thu,F,25326
2014,Sep,Thu,M,26530
2014,Sep,Fri,F,25666
2014,Sep,Fri,M,26648
2014,Sep,Sat,F,17518
2014,Sep,Sat,M,18051
2014,Oct,Sun,F,14408
2014,Oct,Sun,M,15210
2014,Oct,Mon,F,22956
2014,Oct,Mon,M,23855
2014,Oct,Tue,F,25090
2014,Oct,Tue,M,25625
2014,Oct,Wed,F,30400
2014,Oct,Wed,M,31801
2014,Oct,Thu,F,30444
2014,Oct,Thu,M,31409
2014,Oct,Fri,F,29392
2014,Oct,Fri,M,30343
2014,Oct,Sat,F,16292
2014,Oct,Sat,M,17040
2014,Nov,Sun,F,18100
2014,Nov,Sun,M,19141
2014,Nov,Mon,F,23764
2014,Nov,Mon,M,25010
2014,Nov,Tue,F,25442
2014,Nov,Tue,M,26178
2014,Nov,Wed,F,23658
2014,Nov,Wed,M,24823
2014,Nov,Thu,F,21709
2014,Nov,Thu,M,22798
2014,Nov,Fri,F,22797
2014,Nov,Fri,M,23604
2014,Nov,Sat,F,20348
2014,Nov,Sat,M,21447
2014,Dec,Sun,F,14395
2014,Dec,Sun,M,15428
2014,Dec,Mon,F,30596
2014,Dec,Mon,M,31699
2014,Dec,Tue,F,31714
2014,Dec,Tue,M,33071
2014,Dec,Wed,F,28843
2014,Dec,Wed,M,30106
2014,Dec,Thu,F,21766
2014,Dec,Thu,M,22396
2014,Dec,Fri,F,23058
2014,Dec,Fri,M,24182
2014,Dec,Sat,F,16652
2014,Dec,Sat,M,17588